well_id,date,water_produced,oil_produced,gas_produced,latitude,longitude,type,status,wells
31009185600000,2002,0.0,0.0,1489000000.0,42.16233383800005,-78.97460931299997,Gas Development,Active,1
31037205780000,1989,48.0,,5581000000.0,42.91424359000047,-78.19239885099967,Gas Development,Active,1
31037212890000,2002,0.0,0.0,490000000.0,42.90173228100008,-78.25626591699995,Gas Development,Active,1
31029045860000,2009,0.0,0.0,0.0,42.978892622000046,-78.79944697999997,Gas Development,Plugged and Abandoned,1
31121160900000,2007,0.0,0.0,5000000.0,42.73724418000006,-78.41924690999997,Gas Wildcat,Active,1
31009222780000,1997,0.0,,8053000000.0,42.29338150400048,-79.01635918699964,Gas Development,Active,1
31013120680000,2015,1.0,4.0,0.0,42.038067,-79.283549,Oil Development,Active,1
31037151700000,2007,0.0,0.0,60000000.0,42.99836053700005,-78.18823713399996,Gas Development,Active,1
31013110410000,1989,0.0,,2603000000.0,42.26656226300048,-79.71128793299965,Gas Development,Active,1
31013186500000,1993,14.0,,2861000000.0,42.217001377000486,-79.10806714699964,Gas Development,Active,1
31013664210000,2000,15.0,,8393000000.0,42.963563303000456,-75.37938870499966,Gas Development,Active,1
31029249260000,2009,0.0,0.0,3150000000.0,42.59468249100007,-78.94094613599998,Gas Development,Active,1
31013163580000,2013,9.0,0.0,287000000.0,42.205101900000045,-79.46580628599997,Gas Development,Active,1
31099204300000,2008,0.0,0.0,1887000000.0,42.805904258000055,-76.84525774399998,Gas Development,Active,1
31013136030000,2010,0.0,0.0,396000000.0,42.29336326600003,-79.09200808799994,Gas Wildcat,Active,1
31037161580000,1988,0.0,,751000000.0,42.90205099500048,-78.35201911399963,Gas Development,Active,1
31003276940000,2010,2.0,118.0,129000000.0,42.088023219000036,-77.78023782399998,Oil Development,Active,1
31029159570000,1986,0.0,,1000000000.0,42.75771390300048,-76.70292830999966,Gas Development,Active,1
31013111110000,1991,0.0,,3268000000.0,42.31662335800047,-79.35563933699967,Gas Development,Active,1
31013158070000,2013,1.0,0.0,915000000.0,42.064131788000054,-79.71709754799997,Gas Development,Active,1
31121143780000,2014,0.0,0.0,2003000000.0,42.719701,-78.000751,Gas Development,Active,1
31013159780000,2003,0.0,0.0,311000000.0,42.01751371100005,-78.34077951999996,Gas Development,Active,1
31013112060000,1990,0.0,,0.0,42.3616243030005,-79.48653777899966,Gas Development,Active,1
31003656910000,2008,0.0,0.0,0.0,43.000943515000074,-78.19369206299996,Enhanced Oil Recovery - Injection,Not Reported on AWR,1
31101216140000,2004,4284.0,0.0,0.0,42.094842991000064,-77.72058926999995,Enhanced Oil Recovery - Injection,Active,1
31011206150000,2009,187.0,0.0,4674000000.0,42.922942928000055,-76.67442556599997,Gas Development,Active,1
31013110050000,1997,37.0,,2546000000.0,42.31662335800047,-79.35563933699967,Gas Development,Active,1
31013111120000,2009,0.0,0.0,1173000000.0,42.31662340100007,-79.35563629099994,Gas Development,Active,1
31013144740000,1993,5.0,,1795000000.0,42.322304303000465,-79.57760707899968,Gas Development,Active,1
31013199460000,2000,0.0,,4006000000.0,42.19514403000045,-79.38579925999966,Gas Development,Active,1
31029192890000,2001,0.0,0.0,300000000.0,42.53582083400005,-78.71790757999997,Gas Development,Active,1
31003663300000,2008,0.0,0.0,0.0,42.06668364500007,-78.16764889199999,Oil Development,Inactive,1
31009218800000,2011,13.0,106.0,106000000.0,42.09225112200005,-78.49724749699999,Oil Development,Active,1
31009168610000,1990,0.0,,4172000000.0,42.3847813000005,-78.93615603399968,Gas Development,Active,1
31009113460000,2011,1.0,1.0,1000000.0,42.09225112200005,-78.49724749699999,Oil Development,Active,1
31013221230000,1994,80.0,,4449000000.0,42.205103549000455,-79.46580590299965,Gas Development,Active,1
31013179090000,2006,0.0,0.0,0.0,42.487051017000056,-79.23930894099993,Gas Development,Active,1
31013109180000,2005,1.0,0.0,771000000.0,42.423823638000044,-79.31416638599995,Gas Development,Active,1
31003659740000,2015,0.0,0.0,0.0,42.171429,-77.97865,Enhanced Oil Recovery - Injection,Inactive,1
31009169190000,1992,0.0,,126000000.0,42.3847813000005,-78.93615603399968,Gas Development,Active,1
31013211620000,2000,0.0,,1831000000.0,42.322304303000465,-79.57760707899968,Gas Development,Active,1
31013129440000,2008,0.0,0.0,1012000000.0,42.02320426400007,-79.46875825999996,Gas Wildcat,Active,1
31013202800000,2012,0.0,0.0,645000000.0,42.037884113000075,-79.28375749399999,Gas Development,Active,1
31003658270000,2001,0.0,0.0,0.0,42.06668364500007,-78.16764889199999,Oil Development,Inactive,1
31013118890000,1995,15.0,,1100000000.0,42.31662335800047,-79.35563933699967,Gas Development,Active,1
31029132830000,1998,80.0,,9706000000.0,42.8488412640005,-78.64054591599967,Gas Development,Active,1
31013220950000,1992,116.0,,22259000000.0,42.963563303000456,-75.37938870499966,Gas Development,Active,1
31029189100000,2013,50.0,0.0,1310000000.0,42.66478299000005,-78.88882867299998,Gas Development,Active,1
31013176200000,1994,0.0,,729000000.0,42.29336363900046,-79.09200686499963,Gas Development,Active,1
31013188450000,1999,75.0,,1213000000.0,42.29336363900046,-79.09200686499963,Gas Development,Active,1
31013177890000,1991,0.0,,13000000.0,42.159343358000456,-79.59595849699963,Gas Development,Active,1
31037196780000,1999,0.0,,5562000000.0,42.90205099500048,-78.35201911399963,Gas Development,Active,1
31013152720000,2015,0.0,0.0,0.0,42.074924,-79.486378,Gas Development,Inactive,1
31003639520000,2011,0.0,0.0,0.0,42.06668364500007,-78.16764889199999,Oil Development,Inactive,1
31013211520000,1993,50.0,,2922000000.0,42.159343358000456,-79.59595849699963,Gas Development,Active,1
31029203980000,2011,0.0,0.0,19000000.0,42.59375333000003,-79.01745739899997,Gas Development,Active,1
31037139890000,2004,220.0,0.0,3139000000.0,42.874662142000034,-78.02324666499999,Gas Development,Active,1
31009128020000,2012,4.0,19.0,0.0,42.10728218400004,-78.64980766599996,Enhanced Oil Recovery - Injection,Active,1
31013148820000,1993,60.0,,6090000000.0,42.322304303000465,-79.57760707899968,Gas Development,Active,1
31009220800000,2008,0.0,0.0,1951000000.0,42.356452826000066,-78.83082948999999,Gas Development,Active,1
31051144900000,1989,0.0,,0.0,41.144562222000445,-73.86427798599965,Gas Wildcat,Active,1
31003198720000,2011,0.0,18.0,0.0,43.000943515000074,-78.19369206299996,Oil Development,Not Reported on AWR,1
31013211880000,1992,24.0,,4383000000.0,43.23037120900045,-75.07312681499963,Gas Development,Active,1
31121182100000,2010,0.0,0.0,143000000.0,42.53383358600007,-78.42824954299994,Gas Development,Active,1
31013183210000,2010,50.0,0.0,2314000000.0,42.29336326600003,-79.09200808799994,Gas Development,Active,1
31029145060000,2012,0.0,0.0,1993000000.0,42.49661381300007,-78.92307868899996,Gas Development,Active,1
31009233710000,2004,27.0,289.0,1000000.0,42.10728218400004,-78.64980766599996,Oil Development,Active,1
31037195130000,2009,0.0,0.0,784000000.0,42.91424260600007,-78.19239835099995,Gas Development,Active,1
31009235770000,2010,0.0,344.0,576000000.0,42.10728218400004,-78.64980766599996,Oil Development,Active,1
31013099430000,1986,0.0,,7371000000.0,42.3616243030005,-79.48653777899966,Gas Extension,Active,1
31037216210000,2010,0.0,0.0,2240000000.0,42.99836053700005,-78.43495817099995,Gas Development,Active,1
31009052860000,2003,0.0,0.0,0.0,42.07755349100006,-78.42886750099996,Oil Development,Plugged and Abandoned,1
31003252270000,2013,1.0,15.0,1000000.0,42.01271230700007,-78.05476699299999,Oil Development,Active,1
31009109940000,2008,0.0,0.0,855000000.0,42.389071254000044,-78.75503843799999,Gas Development,Active,1
31009164150000,2004,0.0,0.0,0.0,42.38478111000006,-78.93615806899999,Gas Development,Active,1
31003639130000,2010,0.0,0.0,0.0,42.06668364500007,-78.16764889199999,Enhanced Oil Recovery - Injection,Inactive,1
31051173630000,2000,0.0,,322000000.0,42.97387118100045,-77.85328841499967,Gas Development,Active,1
31003658920000,2007,0.0,0.0,0.0,43.000943515000074,-78.19369206299996,Oil Development,Active,1
31009131890000,2012,2.0,92.0,279000000.0,42.10728218400004,-78.64980766599996,Oil Development,Active,1
31013127410000,2005,0.0,0.0,1803000000.0,42.32230061700005,-79.57760786799997,Gas Development,Active,1
31009130590000,2008,0.0,0.0,0.0,42.09225112200005,-78.49724749699999,Enhanced Oil Recovery - Injection,Plugged and Abandoned,1
31015231140300,2012,3235.0,0.0,26967000000.0,40.90825155500005,-72.54854793699997,Gas Wildcat,Active,1
31003674990000,2007,0.0,0.0,0.0,42.06668364500007,-78.16764889199999,Oil Development,Not Reported on AWR,1
31003659900000,2009,0.0,0.0,0.0,42.173332610000045,-77.98390627099997,Oil Development,Inactive,1
31121160760000,2001,0.0,0.0,1136000000.0,42.73724418000006,-78.41924690999997,Gas Development,Active,1
31003662420000,2009,0.0,2.0,0.0,42.16025323000008,-77.79311714599999,Oil Development,Active,1
31013159660000,1998,0.0,,962000000.0,42.01751177700049,-78.34077780999968,Gas Development,Active,1
31029187080000,1988,0.0,,0.0,42.90013055000048,-78.49091643399964,Gas Development,Active,1
31009550980000,2009,0.0,0.0,0.0,42.07755349100006,-78.42886750099996,Oil Development,Inactive,1
31029154660000,2007,0.0,0.0,0.0,42.767181823000044,-78.74387961899998,Gas Development,Inactive,1
31037174140000,1996,0.0,,4000000000.0,42.90205099500048,-78.35201911399963,Gas Development,Active,1
31029191870000,2001,0.0,0.0,230000000.0,42.640953800000034,-78.73951834399998,Gas Development,Active,1
31013203160000,2013,80.0,0.0,5679000000.0,42.96356369500006,-75.37938908499996,Gas Development,Active,1
31029187210000,1999,0.0,,1490000000.0,42.53582208600045,-78.71790859699968,Gas Development,Active,1
31029124190000,2009,0.0,0.0,1399000000.0,42.59375333000003,-79.01745739899997,Gas Development,Active,1
31037196960000,1996,20.0,,365000000.0,43.12753359900046,-78.45730864099966,Gas Development,Active,1
31013172710000,2012,2.0,0.0,744000000.0,42.29336326600003,-79.09200808799994,Gas Development,Active,1
31029182530000,1986,0.0,,4436000000.0,42.59468150000049,-78.94094821499965,Gas Development,Active,1
31003259640000,2015,21.0,55.0,407000000.0,42.156405,-77.795231,Oil Development,Active,1
31003202880000,2010,12.0,38.0,188000000.0,42.088023219000036,-77.78023782399998,Oil Development,Active,1
31099175790000,2015,0.0,0.0,67000000.0,42.831987,-76.847469,Gas Development,Active,1
31009245460000,2014,44.0,206.0,749000000.0,42.088061,-78.491258,Oil Development,Active,1
31009170560000,2005,0.0,0.0,538000000.0,42.27552249300004,-78.67174741499997,Gas Development,Active,1
31013138620000,1997,0.0,,5000000.0,42.205103549000455,-79.46580590299965,Gas Development,Active,1
31013176250000,1995,0.0,,1345000000.0,42.0678276910005,-79.70365587199967,Gas Development,Active,1
31009673580000,2001,0.0,0.0,0.0,42.10728218400004,-78.64980766599996,Oil Development,Not Reported on AWR,1
31013168690000,1996,75.0,,2971000000.0,42.19296008200047,-79.24892957399965,Gas Development,Active,1
31013201530000,1988,75.0,,24966000000.0,42.205103549000455,-79.46580590299965,Gas Development,Active,1
31037173900000,1993,15.0,,1956000000.0,42.90205099500048,-78.35201911399963,Gas Development,Inactive,1
31013225160000,2001,0.0,0.0,1790000000.0,42.205101900000045,-79.46580628599997,Gas Development,Active,1
31003661050000,2012,0.0,0.0,0.0,42.12451389000006,-78.15604994399996,Oil Development,Shut-In,1
31037158980000,2007,0.0,0.0,2123000000.0,42.90205237400005,-78.35201836199997,Gas Development,Active,1
31009170140000,2012,0.0,0.0,628000000.0,42.16233383800005,-78.97460931299997,Gas Development,Active,1
31121171880000,1994,64.0,,1307000000.0,42.7372410640005,-78.41924809699964,Gas Development,Active,1
31037196930000,2000,0.0,,882000000.0,43.01478113200045,-78.34690983699966,Gas Development,Active,1
31013208740000,1995,0.0,,12245000000.0,42.29336363900046,-79.09200686499963,Gas Development,Active,1
31013221510000,2008,0.0,0.0,1809000000.0,42.403124252000055,-79.23637919499998,Gas Development,Active,1
31013160340000,1993,203.0,,2329000000.0,42.020830128000455,-79.62887850199968,Gas Development,Active,1
31013180390000,1987,93.0,,1027000000.0,42.159343358000456,-79.59595849699963,Gas Development,Inactive,1
31009108670000,2001,0.0,0.0,8763000000.0,42.356452826000066,-78.83082948999999,Gas Extension,Plugged and Abandoned,1
31009170540000,1990,4.0,,3596000000.0,42.16233121400046,-78.97460960099966,Gas Development,Inactive,1
31013117660000,2014,37.0,0.0,1074000000.0,42.251704,-79.501693,Gas Development,Active,1
31013108750000,2015,10.0,0.0,559000000.0,42.130114,-79.694407,Gas Development,Active,1
31013183360000,2012,95.0,0.0,1716000000.0,42.19296057200006,-79.24892953199998,Gas Development,Active,1
31029197530000,1998,0.0,,1440000000.0,42.75771390300048,-76.70292830999966,Gas Development,Active,1
31121160710000,1999,0.0,,663000000.0,42.7372410640005,-78.41924809699964,Gas Development,Active,1
31029069120000,1994,0.0,,0.0,42.71606257200045,-78.83210809599967,Gas Development,Active,1
31013150420000,2015,1.0,2.0,2000000.0,42.038067,-79.283549,Oil Development,Active,1
31003678220000,2012,0.0,0.0,0.0,42.173332610000045,-77.98390627099997,Oil Development,Inactive,1
31013110220000,2010,0.0,0.0,527000000.0,42.31662340100007,-79.35563629099994,Gas Development,Active,1
31013116440000,1994,23.0,,2093000000.0,42.40699727700047,-79.23642814699963,Gas Development,Active,1
31013113490000,2005,0.0,0.0,1137000000.0,42.36162322700005,-79.48653679199998,Gas Development,Active,1
31013143570000,1987,0.0,,344000000.0,42.26656226300048,-79.71128793299965,Gas Development,Active,1
31003657050000,2012,0.0,0.0,0.0,43.000943515000074,-78.19369206299996,Enhanced Oil Recovery - Injection,Not Reported on AWR,1
31003664570000,2014,0.0,0.0,0.0,42.02693,-78.205893,Oil Development,Inactive,1
31013186800000,2015,0.0,0.0,0.0,42.391743,-79.119456,Gas Development,Active,1
31013180800000,2010,130.0,0.0,1815000000.0,42.02320426400007,-79.46875825999996,Gas Development,Active,1
31013125230000,1987,0.0,,873000000.0,41.20120795700046,-73.88346743599965,Gas Development,Inactive,1
31121177240000,2002,0.0,0.0,2171000000.0,42.83674438800006,-78.39450634199994,Gas Development,Active,1
31013197020000,1993,12.0,,2200000000.0,42.01751177700049,-78.34077780999968,Gas Development,Active,1
31009246270000,2014,41.0,122.0,559000000.0,42.088061,-78.491258,Oil Development,Active,1
31009209530000,1990,11.0,,678000000.0,42.42294010000046,-78.49138984599966,Gas Wildcat,Inactive,1
31013114690000,2013,0.0,0.0,0.0,42.423823638000044,-79.31416638599995,Gas Development,Inactive,1
31099046000000,1991,0.0,,200000000.0,42.81890018200045,-76.80892795599965,Gas Development,Active,1
31013244130000,2013,0.0,0.0,5042000000.0,43.230370606000065,-75.07312619199996,Gas Development,Active,1
31013108960000,1985,0.0,,0.0,42.129732772000466,-79.68820686199967,Gas Development,Active,1
31009686720000,2011,2.0,16.0,0.0,42.09225112200005,-78.49724749699999,Oil Development,Inactive,1
31013167130000,1987,0.0,,7125000000.0,42.205103549000455,-79.46580590299965,Gas Development,Active,1
31029204090000,2014,0.0,0.0,1742000000.0,43.021136,-78.495603,Gas Development,Active,1
31003235570000,2009,15.0,81.0,817000000.0,42.088023219000036,-77.78023782399998,Oil Development,Active,1
31101214800000,2007,8.0,20.0,147000000.0,42.094842991000064,-77.72058926999995,Oil Development,Active,1
31013164540000,1994,0.0,,4729000000.0,42.02199943500045,-79.19809619699964,Gas Development,Active,1
31121182010000,1993,0.0,,513000000.0,42.7372410640005,-78.41924809699964,Gas Development,Active,1
31013177180000,1998,165.0,,10745000000.0,42.19296008200047,-79.24892957399965,Gas Development,Active,1
31013176820000,2015,2.0,0.0,1558000000.0,43.226463,-75.062063,Gas Development,Active,1
31013142920000,1991,538.0,,51000000.0,41.20120795700046,-73.88346743599965,Gas Development,Plugged and Abandoned,1
31009118490000,2003,0.0,3.0,3000000.0,42.10728218400004,-78.64980766599996,Oil Development,Active,1
31029187210000,1990,0.0,,2680000000.0,42.53582208600045,-78.71790859699968,Gas Development,Active,1
31003664250000,1997,0.0,,2245000000.0,42.01271066300046,-78.05476991799964,Gas Development,Active,1
31013119090000,1985,0.0,,0.0,43.24540427500045,-77.61779716599966,Gas Development,Active,1
31029104760000,2010,0.0,0.0,180000000.0,42.64988085500005,-79.04095760399997,Gas Development,Not Reported on AWR,1
31037212780000,1999,21.0,,1073000000.0,42.901733899000476,-78.25626928699967,Gas Development,Active,1
31013113040000,1990,0.0,,1317000000.0,42.205103549000455,-79.46580590299965,Gas Development,Active,1
31009179490000,2006,0.0,0.0,2501000000.0,42.20817391000003,-79.00284868199998,Gas Development,Active,1
31011207090000,2011,0.0,0.0,2014000000.0,42.922942928000055,-76.67442556599997,Gas Development,Active,1
31003555000000,2010,0.0,0.0,0.0,42.06668364500007,-78.16764889199999,Oil Development,Plugged and Abandoned,1
31101216740000,2013,3.0,21.0,177000000.0,42.094842991000064,-77.72058926999995,Oil Development,Active,1
31013143550000,1995,0.0,,79000000.0,42.26656226300048,-79.71128793299965,Gas Development,Active,1
31029211670000,1991,0.0,,423000000.0,42.70394143600049,-78.57472823799964,Gas Development,Inactive,1
31029185270000,1993,10.0,,985000000.0,42.66478221800048,-78.88882822399967,Gas Development,Active,1
31029636150000,2011,0.0,0.0,250000000.0,42.49661381300007,-78.92307868899996,Gas Development,Active,1
31013127090000,1986,0.0,,4674000000.0,42.322304303000465,-79.57760707899968,Gas Development,Active,1
31121176230000,2006,40.0,0.0,221000000.0,42.73724418000006,-78.41924690999997,Gas Development,Active,1
31013180020000,2003,0.0,0.0,395000000.0,43.230370606000065,-75.07312619199996,Gas Development,Active,1
31029130680000,1999,0.0,,0.0,42.96042359900048,-78.52367565699967,Gas Development,Active,1
31003191910000,2009,4.0,5.0,0.0,42.12451389000006,-78.15604994399996,Oil Development,Active,1
31013176310000,1995,0.0,,3495000000.0,43.23037120900045,-75.07312681499963,Gas Development,Active,1
31013177960000,1998,90.0,,819000000.0,42.159343358000456,-79.59595849699963,Gas Development,Active,1
31009245590000,2007,0.0,679.0,1230000000.0,42.09225112200005,-78.49724749699999,Oil Development,Active,1
31003658290000,2005,0.0,0.0,0.0,42.06668364500007,-78.16764889199999,Oil Development,Inactive,1
31009172790000,1988,0.0,,0.0,42.28950865900049,-78.88947878099964,Gas Development,Plugged and Abandoned,1
31037173230000,1998,0.0,,3033000000.0,42.90205099500048,-78.35201911399963,Gas Development,Active,1
31009256270000,2009,124.0,2083.0,0.0,42.07755349100006,-78.42886750099996,Oil Development,Active,1
31029180680000,2015,0.0,0.0,1778000000.0,42.652413,-78.896936,Gas Development,Active,1
31003555710000,2015,0.0,0.0,0.0,42.066701,-78.167667,Oil Development,Inactive,1
31003551990000,2011,0.0,7.0,0.0,42.127843753000036,-77.95913902899997,Oil Development,Inactive,1
31037194760000,1990,0.0,,6586000000.0,42.90205099500048,-78.35201911399963,Gas Development,Active,1
31003623740000,2013,20.0,4.0,0.0,42.06668364500007,-78.16764889199999,Oil Development,Active,1
31009118460000,2011,0.0,0.0,0.0,42.09225112200005,-78.49724749699999,Enhanced Oil Recovery - Injection,Inactive,1
31009189750000,2011,0.0,0.0,0.0,42.10728218400004,-78.64980766599996,Oil Development,Inactive,1
31013182980000,1996,140.0,,736000000.0,42.19514403000045,-79.38579925999966,Oil Development,Active,1
31009224440000,1996,0.0,,3200000000.0,42.29338150400048,-79.01635918699964,Gas Development,Active,1
31013122950000,1992,139.0,,6058000000.0,42.40699727700047,-79.23642814699963,Gas Development,Active,1
31013126100000,2004,0.0,0.0,730000000.0,42.31662340100007,-79.35563629099994,Gas Development,Active,1
31013116510000,2001,0.0,0.0,404000000.0,42.36162322700005,-79.48653679199998,Gas Development,Active,1
31051161340000,1987,0.0,,1741000000.0,42.97387118100045,-77.85328841499967,Gas Development,Active,1
31009171790000,2013,0.0,0.0,1380000000.0,42.41671044700007,-78.97703668999998,Gas Development,Active,1
31037196270000,2007,0.0,0.0,29000000.0,42.99836053700005,-78.43495817099995,Gas Development,Active,1
31013159410000,2014,0.0,0.0,423000000.0,42.734402,-78.731697,Gas Development,Active,1
31013124350000,2011,0.0,0.0,0.0,42.088272181000036,-79.41227952199995,Gas Development,Inactive,1
31013123320000,2009,0.0,0.0,466000000.0,42.02320426400007,-79.46875825999996,Gas Development,Active,1
31003226650000,2012,0.0,158.0,172000000.0,42.16025323000008,-77.79311714599999,Oil Development,Active,1
31013209780000,1998,0.0,,3416000000.0,42.159343358000456,-79.59595849699963,Gas Development,Active,1
31013250950000,2012,85.0,0.0,772000000.0,42.487051017000056,-79.23930894099993,Gas Development,Active,1
31003660070000,2012,0.0,0.0,0.0,42.173332610000045,-77.98390627099997,Oil Development,Inactive,1
31003670130000,2001,0.0,0.0,0.0,42.088023219000036,-77.78023782399998,Oil Development,Plugged and Abandoned,1
31013164650000,2013,0.0,0.0,221000000.0,42.037884113000075,-79.28375749399999,Gas Development,Inactive,1
31013109990000,2004,0.0,0.0,95000000.0,42.266564318000064,-79.71128695999994,Gas Development,Active,1
31029149310000,2013,0.0,0.0,0.0,42.84884125800005,-78.64054717999994,Gas Development,Inactive,1
31009646760000,2012,0.0,1.0,0.0,42.09225112200005,-78.49724749699999,Oil Development,Not Reported on AWR,1
31013136240000,1992,100.0,,613000000.0,42.03788189500045,-79.28375662499968,Gas Development,Active,1
31053217270000,2013,0.0,0.0,187000000.0,42.850010489000056,-75.61032772899995,Gas Extension,Active,1
31013114980000,1991,28.0,,4541000000.0,42.40699727700047,-79.23642814699963,Gas Development,Active,1
31013182160000,1987,0.0,,0.0,42.217001377000486,-79.10806714699964,Gas Development,Active,1
31013095670000,2009,0.0,7.0,0.0,42.037884113000075,-79.28375749399999,Oil Development,Not Reported on AWR,1
31003300480000,2013,146.0,154.0,1202000000.0,42.16025323000008,-77.79311714599999,Oil Development,Active,1
31051144500000,1993,0.0,,1538000000.0,42.97387118100045,-77.85328841499967,Gas Development,Active,1
31013165940000,1997,0.0,,1678000000.0,42.020830128000455,-79.62887850199968,Gas Development,Active,1
31013225130000,2012,0.0,0.0,999000000.0,42.037884113000075,-79.28375749399999,Gas Development,Active,1
31013202440000,2004,80.0,0.0,200000000.0,42.088272181000036,-79.41227952199995,Oil Development,Active,1
31013165910000,2012,40.0,0.0,813000000.0,43.245401668000056,-77.61779921199997,Oil Development,Active,1
31029200340000,1997,0.0,,2374000000.0,42.66478221800048,-78.88882822399967,Gas Development,Active,1
31013115020000,2015,5.0,0.0,1911000000.0,42.406943,-79.236356,Gas Development,Active,1
31003652250000,2012,0.0,0.0,0.0,42.06668364500007,-78.16764889199999,Oil Development,Inactive,1
31037174140000,2010,20.0,0.0,1901000000.0,42.90205237400005,-78.35201836199997,Gas Development,Active,1
31037144130000,1993,0.0,,3420000000.0,43.01478113200045,-78.34690983699966,Gas Extension,Active,1
31037175900000,1990,0.0,,0.0,42.90205099500048,-78.35201911399963,Gas Development,Active,1
31003659510000,2001,0.0,0.0,0.0,42.04880286100007,-77.89755657599994,Oil Development,Inactive,1
31009132440000,2007,0.0,63.0,0.0,42.09225112200005,-78.49724749699999,Oil Development,Plugged and Abandoned,1
31101216510000,2009,5.0,44.0,203000000.0,42.094842991000064,-77.72058926999995,Oil Development,Active,1
31029136880000,2012,0.0,0.0,370000000.0,42.90039411200007,-78.67012916399995,Gas Development,Active,1
31037175500000,1989,0.0,,568000000.0,43.12753359900046,-78.45730864099966,Gas Development,Active,1
31013132790000,2000,0.0,,0.0,43.24540427500045,-77.61779716599966,Gas Development,Inactive,1
31029138800000,1989,0.0,,1011000000.0,42.96042359900048,-78.52367565699967,Gas Development,Active,1
31013159520000,1986,0.0,,1175000000.0,42.322304303000465,-79.57760707899968,Gas Development,Active,1
31009186270000,1995,0.0,,379000000.0,42.41671428500047,-78.97703918699966,Gas Development,Active,1
31029200330000,1994,0.0,,0.0,42.66478221800048,-78.88882822399967,Gas Development,Active,1
31009282080000,2014,40.0,210.0,0.0,42.077495,-78.429849,Oil Development,Active,1
31013178210000,2001,0.0,0.0,0.0,42.29336326600003,-79.09200808799994,Gas Development,Active,1
31013202080000,2007,0.0,0.0,229000000.0,42.195143433000055,-79.38579622199995,Oil Development,Active,1
31009180750000,1994,0.0,,51000000.0,42.356452499000454,-78.83082631199966,Gas Development,Active,1
31013170380000,2015,0.0,0.0,1716000000.0,42.194749,-79.250394,Gas Development,Active,1
31013116340000,2001,5.0,0.0,2100000000.0,42.205101900000045,-79.46580628599997,Gas Development,Active,1
31029199200000,1992,0.0,,565000000.0,42.90039405300047,-78.67012970499968,Gas Development,Active,1
31101228330000,2015,1.0,56.0,480000000.0,42.094951,-77.725816,Oil Development,Active,1
31009219320000,2003,0.0,0.0,2643000000.0,42.29338104900006,-79.01635929999998,Gas Development,Active,1
31029158310000,1987,0.0,,2728000000.0,42.75771390300048,-76.70292830999966,Gas Development,Active,1
31013148470000,1997,0.0,,353000000.0,42.322304303000465,-79.57760707899968,Gas Development,Active,1
31009558590000,2015,0.0,4.0,0.0,42.088061,-78.491258,Oil Development,Active,1
31121191640000,1989,0.0,,6709000000.0,42.533830182000486,-78.42824739199966,Gas Development,Active,1
31013218220000,1991,0.0,,4363000000.0,43.24540427500045,-77.61779716599966,Gas Development,Active,1
31013235110000,2014,5.0,0.0,2826000000.0,42.734402,-78.731697,Gas Development,Active,1
31003652300000,2008,0.0,0.0,0.0,42.06668364500007,-78.16764889199999,Oil Development,Inactive,1
31009172120000,2008,0.0,0.0,856000000.0,42.20817391000003,-79.00284868199998,Gas Development,Active,1
31009179500000,2013,0.0,0.0,1405000000.0,42.20817391000003,-79.00284868199998,Gas Development,Active,1
31121026990000,2002,0.0,0.0,200000000.0,42.83674438800006,-78.39450634199994,Gas Development,Active,1
31029187100000,1986,0.0,,0.0,42.90013055000048,-78.49091643399964,Gas Development,Active,1
31013153560000,2005,90.0,0.0,833000000.0,42.19296057200006,-79.24892953199998,Gas Development,Active,1
31013154570000,1989,0.0,,1427000000.0,42.205103549000455,-79.46580590299965,Gas Development,Active,1
31029225380000,1996,0.0,,32992000000.0,42.53582208600045,-78.71790859699968,Gas Development,Active,1
31009221160000,2003,3.0,36.0,36000000.0,42.10728218400004,-78.64980766599996,Oil Development,Active,1
31013146360000,1994,0.0,,1892000000.0,42.322304303000465,-79.57760707899968,Gas Development,Active,1
31099231250000,2004,0.0,0.0,0.0,42.91054374600003,-76.80881597699994,Gas Extension,Active,1
31009180930000,1994,0.0,,796000000.0,42.356452499000454,-78.83082631199966,Gas Development,Active,1
31013099620000,2009,0.0,0.0,945000000.0,42.36162322700005,-79.48653679199998,Gas Development,Active,1
31013181890000,1985,0.0,,0.0,42.129732772000466,-79.68820686199967,Gas Development,Active,1
31013154740000,2014,0.0,0.0,89000000.0,42.251704,-79.501693,Gas Development,Active,1
31013176920000,2013,0.0,0.0,1404000000.0,43.230370606000065,-75.07312619199996,Gas Development,Active,1
31037194060000,2001,0.0,0.0,4815000000.0,42.90205237400005,-78.35201836199997,Gas Development,Active,1
31009048340000,2010,0.0,0.0,0.0,42.07755349100006,-78.42886750099996,Oil Development,Inactive,1
31013191560000,1995,0.0,,1923000000.0,43.23037120900045,-75.07312681499963,Gas Development,Active,1
31037106000000,2002,0.0,0.0,1311000000.0,42.90205237400005,-78.35201836199997,Gas Development,Active,1
31013108750000,1993,0.0,,1000000.0,42.129732772000466,-79.68820686199967,Gas Development,Active,1
31013243820000,2015,37.0,0.0,10000000.0,42.9669,-75.378098,Gas Development,Active,1
31029193500000,1993,0.0,,405000000.0,42.6409508320005,-78.73951583799965,Gas Development,Active,1
31037204390000,1992,0.0,,19000000.0,43.01478113200045,-78.34690983699966,Gas Development,Plugged and Abandoned,1
31121209370000,2013,2.0,0.0,281000000.0,42.83674438800006,-78.39450634199994,Gas Development,Active,1
31013115140000,2014,0.0,0.0,411000000.0,42.316097,-79.359685,Gas Development,Active,1
31013603240000,1999,44.0,,4792000000.0,42.48838573900048,-79.23725606999966,Gas Development,Active,1
31013148190000,1998,0.0,,511000000.0,42.29336363900046,-79.09200686499963,Gas Development,Active,1
31013142880000,1988,0.0,,7657000000.0,42.48838573900048,-79.23725606999966,Gas Development,Active,1
31013234960000,2013,100.0,0.0,1554000000.0,43.245401668000056,-77.61779921199997,Gas Development,Active,1
31013198220000,1992,0.0,,5736000000.0,42.19514403000045,-79.38579925999966,Gas Development,Active,1
31013197750000,2014,0.0,0.0,212000000.0,42.324884,-79.573821,Gas Development,Active,1
31009199850000,2006,0.0,0.0,1523000000.0,42.20817391000003,-79.00284868199998,Gas Development,Active,1
31051174150000,1993,0.0,,1906000000.0,42.91258218200045,-77.74701633399968,Gas Development,Active,1
31009234840000,2014,150.0,495.0,296000000.0,42.023289,-78.628438,Oil Development,Active,1
31013243540000,2009,25.0,0.0,8176000000.0,42.96356369500006,-75.37938908499996,Gas Development,Active,1
31101227790000,2004,5.0,349.0,1332000000.0,42.094842991000064,-77.72058926999995,Oil Development,Active,1
31121139620000,1992,0.0,,655000000.0,42.719613163000474,-78.00549933199966,Gas Development,Active,1
31101228350000,2008,7.0,93.0,677000000.0,42.094842991000064,-77.72058926999995,Oil Development,Active,1
31121144440000,2009,0.0,0.0,874000000.0,42.67373227400003,-78.43641637499996,Gas Development,Active,1
31003652770000,2009,0.0,0.0,0.0,42.06668364500007,-78.16764889199999,Oil Development,Inactive,1
31013179620000,2006,0.0,0.0,2934000000.0,42.195143433000055,-79.38579622199995,Gas Development,Active,1
31013208680100,2013,0.0,0.0,0.0,42.088272181000036,-79.41227952199995,Oil Development,Shut-In,1
31009165410000,2013,0.0,0.0,1000000.0,42.45647318600004,-79.00313765599998,Gas Development,Active,1
31011156510000,2011,0.0,0.0,2779000000.0,42.922942928000055,-76.67442556599997,Gas Development,Active,1
31003639210000,2009,0.0,0.0,0.0,42.06668364500007,-78.16764889199999,Enhanced Oil Recovery - Injection,Inactive,1
31037175460000,2008,0.0,0.0,2045000000.0,42.99836053700005,-78.18823713399996,Gas Development,Active,1
31013209490000,1990,149.0,,3923000000.0,42.0678276910005,-79.70365587199967,Gas Development,Active,1
31003606010000,2014,0.0,0.0,0.0,42.066701,-78.167667,Oil Development,Shut-In,1
31013159780000,2009,0.0,0.0,413000000.0,42.01751371100005,-78.34077951999996,Gas Development,Active,1
31009661890000,2011,130.0,81.0,0.0,42.09225112200005,-78.49724749699999,Oil Development,Not Reported on AWR,1
31013185090000,1995,0.0,,1047000000.0,42.217001377000486,-79.10806714699964,Gas Development,Active,1
31013153670000,1993,0.0,,734000000.0,42.322304303000465,-79.57760707899968,Gas Development,Active,1
31017262700000,2014,0.0,0.0,8097000000.0,42.687189,-75.570659,Gas Extension,Active,1
31011206750000,2007,0.0,0.0,4884000000.0,42.86032017100007,-76.57441854399997,Gas Development,Active,1
31009197770000,1988,0.0,,2486000000.0,42.239622435000456,-79.05676892799966,Gas Development,Plugged and Abandoned,1
31029155340000,2012,0.0,0.0,0.0,42.767181823000044,-78.74387961899998,Gas Development,Inactive,1
31029148500000,1986,0.0,,855000000.0,42.69834088200048,-78.94540989999967,Gas Development,Inactive,1
31121179670000,1993,0.0,,670000000.0,42.694031045000486,-78.33762917299964,Gas Development,Inactive,1
31013209700000,2005,0.0,0.0,725000000.0,43.230370606000065,-75.07312619199996,Gas Development,Active,1
31013146180000,2008,0.0,0.0,234000000.0,42.205101900000045,-79.46580628599997,Gas Development,Active,1
31013162530000,1987,49.0,,347000000.0,42.159343358000456,-79.59595849699963,Gas Development,Plugged and Abandoned,1
31009054690000,2011,0.0,0.0,0.0,42.07755349100006,-78.42886750099996,Oil Development,Inactive,1
31013184240000,2003,0.0,0.0,1881000000.0,42.21700315800007,-79.10806611699996,Gas Development,Active,1
31003080430000,2014,2.0,12.0,1000000.0,42.088045,-77.781386,Oil Development,Plugged and Abandoned,1
31013197630000,2012,15.0,0.0,10000000.0,42.12778151200007,-79.24113614199996,Gas Development,Active,1
31009660830000,2011,0.0,0.0,0.0,42.09225112200005,-78.49724749699999,Oil Development,Shut-In,1
31013183470000,1993,0.0,,1198000000.0,42.01751177700049,-78.34077780999968,Gas Development,Active,1
31099046000000,1998,0.0,,200000000.0,42.81890018200045,-76.80892795599965,Gas Development,Active,1
31037196770000,2008,85.0,0.0,1149000000.0,42.90173228100008,-78.25626591699995,Gas Development,Active,1
31013184310000,1996,0.0,,13509000000.0,42.19514403000045,-79.38579925999966,Gas Development,Active,1
31013186030000,1993,0.0,,1619000000.0,43.24540427500045,-77.61779716599966,Gas Wildcat,Active,1
31003610630000,2001,0.0,0.0,0.0,42.06668364500007,-78.16764889199999,Oil Development,Plugged and Abandoned,1
31029201540000,1995,0.0,,4740000000.0,42.6409508320005,-78.73951583799965,Gas Development,Active,1
31013143550000,1998,0.0,,19000000.0,42.26656226300048,-79.71128793299965,Gas Development,Active,1
31009131060000,2012,3.0,15.0,0.0,42.10728218400004,-78.64980766599996,Oil Development,Active,1
31013114630000,2001,2.0,15.0,0.0,42.037884113000075,-79.28375749399999,Oil Development,Active,1
31003658350000,2014,5.0,20.0,0.0,42.066701,-78.167667,Oil Development,Active,1
31029133410000,1987,0.0,,244000000.0,42.64848076400045,-78.68738691599964,Gas Development,Active,1
31003080430000,2006,3.0,40.0,1000000.0,42.088023219000036,-77.78023782399998,Oil Development,Active,1
31013224420000,1993,0.0,,0.0,42.48838573900048,-79.23725606999966,Gas Development,Active,1
31099117080000,2004,0.0,0.0,2216000000.0,42.81890361500007,-76.80892711999996,Gas Development,Active,1
31037196810000,1992,0.0,,543000000.0,43.01478113200045,-78.34690983699966,Gas Development,Active,1
31037194710000,1999,0.0,,1147000000.0,42.901733899000476,-78.25626928699967,Gas Development,Active,1
31029166780000,1996,0.0,,2923000000.0,42.83851105500048,-78.55520668799966,Gas Development,Active,1
31121217330000,1994,143.0,,862000000.0,42.7372410640005,-78.41924809699964,Gas Development,Active,1
31013201630000,2010,0.0,0.0,685000000.0,42.088272181000036,-79.41227952199995,Gas Development,Active,1
31013186610000,2004,0.0,0.0,1787000000.0,43.245401668000056,-77.61779921199997,Gas Development,Active,1
31003623720000,2001,1.5,7.04,0.0,42.06668364500007,-78.16764889199999,Oil Development,Active,1
31029132820000,2009,0.0,0.0,15000000.0,42.84884125800005,-78.64054717999994,Gas Development,Active,1
31013223370000,1996,0.0,,10227000000.0,42.322304303000465,-79.57760707899968,Gas Development,Active,1
31029018160000,1997,0.0,,155000000.0,42.90013055000048,-78.49091643399964,Gas Development,Active,1
31013101770000,2003,0.0,0.0,1878000000.0,42.266564318000064,-79.71128695999994,Gas Development,Active,1
31013118060000,2006,0.0,0.0,2643000000.0,42.48724218400008,-79.33577714999996,Gas Development,Active,1
31009240880000,2014,10.0,160.0,441000000.0,42.023289,-78.628438,Oil Development,Active,1
31013137330000,1993,35.0,,4197000000.0,42.48838573900048,-79.23725606999966,Gas Development,Active,1
31013124380000,1995,12.0,,493000000.0,42.40699727700047,-79.23642814699963,Gas Development,Active,1
31013163210000,2015,10.0,0.0,264000000.0,42.251704,-79.501693,Gas Development,Active,1
31013156830000,1996,40.0,,222000000.0,42.19296008200047,-79.24892957399965,Gas Development,Active,1
31013189200000,2008,0.0,0.0,2302000000.0,43.230370606000065,-75.07312619199996,Gas Development,Active,1
31013148060000,1999,0.0,,3705000000.0,42.205103549000455,-79.46580590299965,Gas Development,Active,1
31013209720000,2000,0.0,,1266000000.0,43.23037120900045,-75.07312681499963,Gas Development,Active,1
31121220420000,1998,0.0,,0.0,42.8622307870005,-78.14955952299965,Gas Development,Inactive,1
31003245280000,2008,18.0,68.0,590000000.0,42.088023219000036,-77.78023782399998,Oil Development,Active,1
31011135880000,2007,0.0,0.0,2905000000.0,42.85856410200006,-76.68352600499998,Gas Development,Active,1
31037117760000,2015,7.0,0.0,124000000.0,42.902048,-78.350767,Gas Development,Active,1
31003132580000,2005,4.0,34.0,5000000.0,42.088023219000036,-77.78023782399998,Oil Development,Plugged and Abandoned,1
31013191600000,2012,0.0,0.0,2100000000.0,42.21700315800007,-79.10806611699996,Gas Development,Active,1
31013049740000,2014,1.0,7.0,0.0,42.038067,-79.283549,Oil Development,Active,1
31013207520000,1986,0.0,,0.0,42.205103549000455,-79.46580590299965,Gas Development,Active,1
31029208660000,1998,50.0,,246000000.0,42.71606257200045,-78.83210809599967,Gas Development,Active,1
31121030770000,1993,0.0,,2692000000.0,42.83674245900045,-78.39450561599966,Gas Development,Active,1
31099212930000,1994,0.0,,8642000000.0,42.81890018200045,-76.80892795599965,Gas Development,Active,1
31037174560000,1987,56.0,,545000000.0,43.01478113200045,-78.34690983699966,Gas Development,Active,1
31013141750000,2002,0.0,0.0,2562000000.0,42.205101900000045,-79.46580628599997,Gas Development,Active,1
31013219790000,2006,0.0,0.0,2153000000.0,42.088272181000036,-79.41227952199995,Gas Development,Active,1
31009646670000,2007,10.0,10.0,0.0,42.09225112200005,-78.49724749699999,Oil Development,Not Reported on AWR,1
31037069190000,1999,0.0,,200000000.0,42.90205099500048,-78.35201911399963,Gas Development,Active,1
31013115550000,2014,0.0,0.0,1000000.0,42.439996,-79.331441,Gas Development,Active,1
31003674350000,2009,0.0,0.0,0.0,43.000943515000074,-78.19369206299996,Gas Development,Inactive,1
31009186270000,2010,0.0,0.0,300000000.0,42.41671044700007,-78.97703668999998,Gas Development,Active,1
31003662490000,2007,0.0,23.0,0.0,42.16025323000008,-77.79311714599999,Oil Development,Active,1
31013144960000,1997,3.0,,2266000000.0,42.205103549000455,-79.46580590299965,Gas Development,Active,1
31013198460000,1995,0.0,,950000000.0,42.19514403000045,-79.38579925999966,Gas Development,Active,1
31013184180000,2010,180.0,0.0,2700000000.0,42.088272181000036,-79.41227952199995,Oil Development,Active,1
31013177900000,2007,0.0,0.0,59000000.0,42.205101900000045,-79.46580628599997,Gas Development,Active,1
31013188900000,2015,0.0,0.0,1000000.0,42.391743,-79.119456,Gas Development,Active,1
31013117050000,1990,158.0,,2137000000.0,42.0678276910005,-79.70365587199967,Gas Development,Active,1
31013189950000,2012,5.0,0.0,419000000.0,42.266564318000064,-79.71128695999994,Gas Development,Active,1
31013104070000,1990,39.0,,1082000000.0,42.26656226300048,-79.71128793299965,Gas Development,Active,1
31013115390000,2010,0.0,0.0,200000000.0,42.423823638000044,-79.31416638599995,Gas Development,Active,1
31009104440000,2013,1.0,4.0,0.0,42.09225112200005,-78.49724749699999,Oil Development,Not Reported on AWR,1
31009243770000,2014,19.0,196.0,396000000.0,42.023289,-78.628438,Oil Development,Active,1
31009169940000,1988,0.0,,3812000000.0,42.3847813000005,-78.93615603399968,Gas Development,Active,1
31013182980000,2015,0.0,0.0,14000000.0,42.159868,-79.393216,Oil Development,Active,1
31009129400000,2010,1062.0,0.0,0.0,42.09225112200005,-78.49724749699999,Oil Development,Active,1
31009180700000,1987,0.0,,3849000000.0,42.356452499000454,-78.83082631199966,Gas Development,Active,1
31013217670000,1995,102.0,,5801000000.0,42.020830128000455,-79.62887850199968,Gas Development,Active,1
31003176160000,2006,0.0,73.0,0.0,42.088023219000036,-77.78023782399998,Oil Development,Active,1
31013209740000,2014,0.0,0.0,960000000.0,42.251704,-79.501693,Gas Development,Active,1
31013160440000,2010,0.0,0.0,0.0,42.195143433000055,-79.38579622199995,Oil Development,Active,1
31029208610000,1997,0.0,,1133000000.0,42.90393124600047,-78.74056984999964,Gas Development,Active,1
31009278600000,2012,207.0,159.0,514000000.0,42.07755349100006,-78.42886750099996,Oil Development,Active,1
31121155700000,1996,0.0,,1097000000.0,42.719613163000474,-78.00549933199966,Gas Development,Active,1
31037152520000,2005,0.0,0.0,784000000.0,43.065993648000074,-78.27070569499995,Gas Development,Active,1
31013123890000,1985,0.0,,0.0,42.40699727700047,-79.23642814699963,Gas Development,Active,1
31013130880000,2003,0.0,0.0,1988000000.0,42.266564318000064,-79.71128695999994,Gas Development,Active,1
31029188670000,1990,20.0,,883000000.0,42.66478221800048,-78.88882822399967,Gas Development,Active,1
31013114060000,2009,50.0,0.0,753000000.0,42.31662340100007,-79.35563629099994,Gas Development,Active,1
31013113550000,2003,0.0,0.0,963000000.0,42.205101900000045,-79.46580628599997,Gas Development,Active,1
31009170720000,1991,0.0,,606000000.0,42.27552136300045,-78.67174645199964,Gas Development,Active,1
31037145740000,1993,30.0,,1470000000.0,42.90205099500048,-78.35201911399963,Gas Development,Active,1
31011157070000,2013,0.0,0.0,2949000000.0,42.922942928000055,-76.67442556599997,Gas Extension,Active,1
31009241440000,2010,578.0,259.0,602000000.0,42.09225112200005,-78.49724749699999,Oil Development,Active,1
31013220880000,2006,0.0,0.0,2968000000.0,42.088272181000036,-79.41227952199995,Gas Development,Active,1
31029048640000,2014,0.0,0.0,723000000.0,42.900146,-78.4922,Gas Development,Active,1
31101229560000,2013,1.0,23.0,208000000.0,42.094842991000064,-77.72058926999995,Oil Development,Active,1
31003673410000,1993,0.0,,0.0,41.26415236700046,-74.45224686499967,Gas Development,Inactive,1
31013122340000,2001,0.0,0.0,15900000.0,42.403124252000055,-79.23637919499998,Gas Development,Active,1
31013226520000,1998,0.0,,9881000000.0,42.03788189500045,-79.28375662499968,Gas Development,Active,1
31009130030000,2014,15.0,58.0,339000000.0,42.023289,-78.628438,Oil Development,Active,1
31013190810000,1992,0.0,,1240000000.0,42.217001377000486,-79.10806714699964,Gas Development,Active,1
31011206380000,2004,0.0,0.0,2654000000.0,42.922942928000055,-76.67442556599997,Gas Development,Plugged and Abandoned,1
31013240920001,2009,200.0,0.0,3769000000.0,42.02083023700004,-79.62887619399999,Gas Development,Active,1
31003666350000,2012,1.0,12.0,0.0,42.12451389000006,-78.15604994399996,Oil Development,Active,1
31013177520000,1993,59.0,,3792000000.0,42.020830128000455,-79.62887850199968,Gas Development,Active,1
31013184140000,1986,126.0,,833000000.0,42.129732772000466,-79.68820686199967,Gas Development,Inactive,1
31037194550000,1993,0.0,,996000000.0,43.01478113200045,-78.34690983699966,Gas Development,Active,1
31009247170000,2013,41.0,191.0,484000000.0,42.09225112200005,-78.49724749699999,Oil Development,Active,1
31013144060000,1998,145.0,,490000000.0,42.205103549000455,-79.46580590299965,Gas Development,Active,1
31037104210000,2004,0.0,0.0,552000000.0,43.127531644000044,-78.45730692899997,Gas Development,Active,1
31009243190000,2013,47.0,253.0,622000000.0,42.09225112200005,-78.49724749699999,Oil Development,Active,1
31003676810000,2005,0.0,91.0,0.0,42.01271230700007,-78.05476699299999,Oil Development,Active,1
31013187110000,2001,0.0,0.0,3433000000.0,42.32230061700005,-79.57760786799997,Gas Development,Active,1
31013155870000,2013,0.0,0.0,76000000.0,42.205101900000045,-79.46580628599997,Gas Development,Active,1
31099194650000,1994,0.0,,4738000000.0,42.81890018200045,-76.80892795599965,Gas Development,Active,1
31029660150000,1999,0.0,,606000000.0,42.71606257200045,-78.83210809599967,Gas Development,Active,1
31013148830000,2000,0.0,,3585000000.0,42.322304303000465,-79.57760707899968,Gas Development,Active,1
31003659140000,2007,0.0,0.0,0.0,43.000943515000074,-78.19369206299996,Oil Development,Active,1
31013200080000,2009,1.0,8.0,0.0,42.037884113000075,-79.28375749399999,Oil Development,Active,1
31099195040000,1986,0.0,,11286000000.0,42.7672223400005,-76.76946950499968,Gas Development,Active,1
31009245700000,2015,38.0,190.0,708000000.0,42.088061,-78.491258,Oil Development,Active,1
31099206830000,2013,0.0,0.0,1000000.0,42.81890361500007,-76.80892711999996,Gas Development,Active,1
31013186890000,2001,0.0,0.0,244000000.0,42.01751371100005,-78.34077951999996,Gas Development,Active,1
31011206530000,1992,0.0,,2161000000.0,42.86172966000049,-76.57410572999964,Gas Development,Active,1
31013159520000,1988,0.0,,314000000.0,42.322304303000465,-79.57760707899968,Gas Development,Active,1
31069195370000,1994,0.0,,0.0,42.8970310410005,-77.44275974599964,Gas Development,Plugged and Abandoned,1
31013159560000,1993,42.0,,10208000000.0,42.8744233810005,-78.85339824199963,Gas Development,Active,1
31029133120000,1988,0.0,,1338000000.0,42.96042359900048,-78.52367565699967,Gas Development,Active,1
31013116770000,2003,10.0,0.0,2341000000.0,42.423823638000044,-79.31416638599995,Gas Development,Active,1
31013118630000,2010,0.0,0.0,1523000000.0,42.088272181000036,-79.41227952199995,Gas Development,Active,1
31003648240000,2014,0.0,3.0,0.0,42.012207,-78.060759,Oil Development,Active,1
31009222460000,2013,20.0,75.0,74000000.0,42.10728218400004,-78.64980766599996,Oil Development,Active,1
31029211970000,2011,100.0,0.0,3858000000.0,42.84884125800005,-78.64054717999994,Gas Development,Active,1
31003159490000,2011,0.0,189.0,0.0,42.16025323000008,-77.79311714599999,Oil Development,Not Reported on AWR,1
31003224900000,2006,1.0,65.0,1577000000.0,42.16025323000008,-77.79311714599999,Oil Development,Active,1
31013166190000,1990,0.0,,2009000000.0,42.02199943500045,-79.19809619699964,Gas Development,Active,1
31029222430000,1994,0.0,,1363000000.0,42.8488412640005,-78.64054591599967,Gas Development,Inactive,1
31121219080000,2008,0.0,0.0,0.0,42.86223184100004,-78.14955915699994,Gas Development,Inactive,1
31017238900000,2012,220.0,0.0,18260000000.0,42.61758252100003,-75.60270772299998,Dry Hole,Plugged Back,1
31013125330000,2014,0.0,0.0,873000000.0,42.296322,-79.099108,Gas Wildcat,Active,1
31009118230000,2013,0.0,0.0,0.0,42.10728218400004,-78.64980766599996,Oil Development,Inactive,1
31013160520000,1993,0.0,,0.0,42.159343358000456,-79.59595849699963,Gas Development,Active,1
31013136200000,2014,0.0,0.0,1220000000.0,42.038067,-79.283549,Gas Development,Active,1
31013168540000,2009,0.0,0.0,377000000.0,42.02083023700004,-79.62887619399999,Gas Development,Active,1
31009243300001,2006,0.0,0.0,0.0,42.09225112200005,-78.49724749699999,Oil Development,Active,1
31013111110000,1988,0.0,,3204000000.0,42.31662335800047,-79.35563933699967,Gas Development,Active,1
31029087520000,2011,0.0,0.0,0.0,42.75771238800007,-76.70292723399996,Gas Development,Not Reported on AWR,1
31009109940000,2015,0.0,0.0,20000000.0,42.389841,-78.755024,Gas Development,Inactive,1
31029069250000,1988,0.0,,17827000000.0,42.69834088200048,-78.94540989999967,Gas Development,Active,1
31013209730000,2009,38.0,0.0,1685000000.0,42.205101900000045,-79.46580628599997,Gas Development,Active,1
31013193980000,1986,0.0,,94000000.0,42.19514403000045,-79.38579925999966,Oil Wildcat,Plugged and Abandoned,1
31013144010000,1997,25.0,,459000000.0,42.322304303000465,-79.57760707899968,Gas Development,Active,1
31013160580000,2004,90.0,0.0,2465000000.0,42.19296057200006,-79.24892953199998,Gas Development,Active,1
31013111300000,1993,0.0,,200000000.0,42.129732772000466,-79.68820686199967,Gas Development,Active,1
31013143120000,1991,100.0,,3644000000.0,42.487243753000485,-79.33577835999967,Gas Development,Active,1
31013183710000,1989,0.0,,10271000000.0,42.205103549000455,-79.46580590299965,Gas Development,Active,1
31013128670000,2007,0.0,7.0,0.0,42.037884113000075,-79.28375749399999,Oil Development,Not Reported on AWR,1
31013113130000,1993,0.0,,270000000.0,42.3616243030005,-79.48653777899966,Gas Development,Active,1
31013155630000,2005,17.0,0.0,947000000.0,42.205101900000045,-79.46580628599997,Gas Development,Active,1
31121030770000,1992,0.0,,1695000000.0,42.83674245900045,-78.39450561599966,Gas Development,Active,1
31029072690000,1995,0.0,,4615000000.0,42.69834088200048,-78.94540989999967,Gas Development,Active,1
31101228140100,2002,1161.0,0.0,1509882000000.0,42.244562329000075,-77.04657883799996,Gas Extension,Active,1
31037174960000,2012,0.0,0.0,2237000000.0,42.90205237400005,-78.35201836199997,Gas Development,Active,1
31013209030000,2011,0.0,0.0,658000000.0,42.037884113000075,-79.28375749399999,Gas Development,Active,1
31009281530000,2014,97.0,1815.0,0.0,42.088061,-78.491258,Oil Development,Active,1
31013122970000,2014,86.0,0.0,1070000000.0,42.406943,-79.236356,Gas Development,Active,1
31013150000000,2012,0.0,0.0,0.0,42.088272181000036,-79.41227952199995,Gas Development,Inactive,1
31029181840000,2009,0.0,0.0,214000000.0,42.59375333000003,-79.01745739899997,Gas Development,Active,1
31009258920001,2010,333.0,214.0,211000000.0,42.07755349100006,-78.42886750099996,Oil Development,Active,1
31069023430000,1991,0.0,,0.0,42.6152302640005,-77.40250632099963,Gas Development,Plugged and Abandoned,1
31037144210000,1990,0.0,,716000000.0,43.12753359900046,-78.45730864099966,Gas Development,Active,1
31037204340000,1987,0.0,,212000000.0,42.977662944000485,-77.99116745099968,Gas Extension,Active,1
31017262090000,2011,0.0,0.0,4416000000.0,42.68703394200003,-75.57094732399997,Gas Wildcat,Active,1
31029144240000,1988,0.0,,492000000.0,42.75771390300048,-76.70292830999966,Gas Development,Active,1
31003678050000,2001,0.0,0.0,0.0,42.173332610000045,-77.98390627099997,Oil Development,Inactive,1
31003679300000,2008,0.0,0.0,0.0,42.06668364500007,-78.16764889199999,Oil Development,Not Reported on AWR,1
31037204740000,1997,0.0,,1093000000.0,42.99836355800045,-78.18823639699963,Gas Development,Active,1
31051161460000,2003,0.0,0.0,771000000.0,42.973873377000075,-77.85328585199994,Gas Development,Active,1
31013126030000,1994,9.0,,2545000000.0,42.205103549000455,-79.46580590299965,Gas Development,Active,1
31003221840000,2014,4.0,8.0,122000000.0,42.088045,-77.781386,Oil Development,Active,1
31009641070000,2009,0.0,0.0,0.0,42.09225112200005,-78.49724749699999,Oil Development,Active,1
31009170140000,2002,0.0,0.0,781000000.0,42.16233383800005,-78.97460931299997,Gas Development,Active,1
31003177840000,2011,4.0,50.0,0.0,42.088023219000036,-77.78023782399998,Oil Development,Active,1
31013156010000,1989,0.0,,0.0,42.48838573900048,-79.23725606999966,Gas Development,Active,1
31013170230000,1995,0.0,,8286000000.0,42.02199943500045,-79.19809619699964,Gas Development,Active,1
31099213550000,1998,0.0,,893000000.0,42.81890018200045,-76.80892795599965,Gas Development,Active,1
31101230470000,2008,3.0,47.0,338000000.0,42.094842991000064,-77.72058926999995,Oil Development,Active,1
31013209870000,1992,72.0,,2455000000.0,41.20120795700046,-73.88346743599965,Gas Development,Active,1
31013223810000,2013,0.0,0.0,1915000000.0,42.02716097700005,-79.20258709099994,Gas Development,Active,1
31013169670000,1990,0.0,,1490000000.0,42.29336363900046,-79.09200686499963,Gas Development,Active,1
31009208640000,2008,0.0,0.0,1690000000.0,42.53022364200007,-78.47539666299997,Gas Development,Not Reported on AWR,1
31013226250000,2002,0.0,14.0,35000000.0,42.037884113000075,-79.28375749399999,Oil Development,Active,1
31029136830000,1999,0.0,,1000000000.0,42.90393124600047,-78.74056984999964,Gas Development,Active,1
31003678860000,2009,0.0,0.0,0.0,42.06668364500007,-78.16764889199999,Oil Development,Not Reported on AWR,1
31029183140000,1991,0.0,,950000000.0,42.90393124600047,-78.74056984999964,Gas Development,Active,1
31013107720000,2000,11.0,,2021000000.0,42.129732772000466,-79.68820686199967,Gas Development,Active,1
31013114770000,1990,8.0,,864000000.0,42.322304303000465,-79.57760707899968,Gas Development,Inactive,1
31013111630000,2014,73.0,0.0,1468000000.0,42.324884,-79.573821,Gas Development,Active,1
31013116430000,1988,0.0,,87000000.0,42.40699727700047,-79.23642814699963,Gas Development,Plugged and Abandoned,1
31121182100000,2014,0.0,0.0,116000000.0,42.534125,-78.423151,Gas Development,Active,1
31003249940000,2007,2.0,396.0,360000000.0,42.16025323000008,-77.79311714599999,Oil Development,Active,1
31003652020000,2011,1.0,1.0,0.0,42.01271230700007,-78.05476699299999,Oil Development,Active,1
31013164540000,1992,16.0,,11929000000.0,42.02199943500045,-79.19809619699964,Gas Development,Active,1
31013246850000,2014,0.0,0.0,2412000000.0,42.9669,-75.378098,Gas Development,Active,1
31009300190000,2014,3563.0,336.0,590000000.0,42.023289,-78.628438,Oil Development,Active,1
31101216560000,2007,3.0,37.0,168000000.0,42.094842991000064,-77.72058926999995,Oil Development,Active,1
31013176630000,2015,0.0,0.0,1000000.0,42.038067,-79.283549,Gas Development,Active,1
31099175650000,2015,0.0,0.0,1682000000.0,42.831987,-76.847469,Gas Development,Active,1
31013101460000,2008,0.0,0.0,806000000.0,42.36162322700005,-79.48653679199998,Gas Development,Active,1
31009281470000,2014,39.0,790.0,1000000.0,42.077495,-78.429849,Oil Development,Active,1
31013146320000,1995,0.0,,7537000000.0,42.322304303000465,-79.57760707899968,Gas Development,Active,1
31037174860000,1990,0.0,,0.0,42.90205099500048,-78.35201911399963,Gas Development,Inactive,1
31013219710000,2014,72.0,0.0,1809000000.0,42.094296,-79.374999,Gas Development,Active,1
31069040220000,1997,0.0,,6005000000.0,42.8970310410005,-77.44275974599964,Gas Extension,Active,1
31051139670000,1996,0.0,,405000000.0,42.97387118100045,-77.85328841499967,Gas Development,Active,1
31013178500000,1987,1.0,,434000000.0,42.19296008200047,-79.24892957399965,Gas Development,Active,1
31011135550000,2013,0.0,0.0,47000000.0,42.97598066000006,-76.57063966099997,Gas Extension,Active,1
31013200960000,1988,80.0,,3763000000.0,42.29336363900046,-79.09200686499963,Gas Development,Active,1
31013176540000,1988,0.0,,323000000.0,42.129732772000466,-79.68820686199967,Gas Development,Active,1
31013148690000,2009,270.0,0.0,5687000000.0,42.02320426400007,-79.46875825999996,Gas Development,Active,1
31009227190000,2005,12.0,111.0,1000000.0,42.10728218400004,-78.64980766599996,Oil Development,Active,1
31099042300000,1993,0.0,,346000000.0,42.81890018200045,-76.80892795599965,Gas Development,Plugged and Abandoned,1
31011213470000,1992,0.0,,2144000000.0,42.86172966000049,-76.57410572999964,Gas Development,Active,1
31013193440000,2012,0.0,0.0,3014000000.0,42.29336326600003,-79.09200808799994,Gas Development,Active,1
31013014720000,2009,0.0,0.0,904000000.0,42.403124252000055,-79.23637919499998,Gas Development,Inactive,1
31013177010000,2001,0.0,0.0,0.0,42.064131788000054,-79.71709754799997,Gas Development,Active,1
31009134230000,2010,0.0,0.0,0.0,42.38478111000006,-78.93615806899999,Gas Development,Inactive,1
31003128010000,2002,2.0,14.0,104000000.0,42.088023219000036,-77.78023782399998,Oil Wildcat,Active,1
31013159690000,1995,0.0,,310000000.0,42.01751177700049,-78.34077780999968,Gas Development,Active,1
31013180050000,1998,0.0,,450000000.0,42.8744233810005,-78.85339824199963,Gas Development,Active,1
31009641810000,2012,5.0,35.0,0.0,42.10728218400004,-78.64980766599996,Oil Development,Active,1
31013169760000,2000,0.0,,2393000000.0,42.205103549000455,-79.46580590299965,Gas Development,Active,1
31009235440000,2015,20.0,74.0,0.0,42.023289,-78.628438,Oil Development,Active,1
31003605790000,2002,0.0,0.0,0.0,42.06668364500007,-78.16764889199999,Oil Development,Inactive,1
31029026670000,2011,0.0,0.0,0.0,42.767181823000044,-78.74387961899998,Gas Development,Active,1
31009223220000,2006,0.0,0.0,3208000000.0,42.29338104900006,-79.01635929999998,Gas Development,Active,1
31121240520000,2007,25.0,0.0,3689000000.0,42.84644055600006,-78.00999834599997,Gas Development,Active,1
31013127300000,1997,75.0,,1953000000.0,42.487243753000485,-79.33577835999967,Gas Development,Inactive,1
31013250660000,2015,0.0,0.0,2027000000.0,42.194749,-79.250394,Gas Development,Active,1
31013107560000,1988,0.0,,2732000000.0,42.3616243030005,-79.48653777899966,Gas Development,Active,1
31003080290000,2007,2.0,6.0,181000000.0,42.088023219000036,-77.78023782399998,Enhanced Oil Recovery - Injection,Active,1
31099196230000,2014,0.0,0.0,969000000.0,42.780582,-76.851922,Gas Development,Active,1
31121673380000,2013,0.0,0.0,1000000.0,42.86402347600006,-78.28096647299998,Gas Development,Active,1
31121211090000,1993,0.0,,4194000000.0,42.83674245900045,-78.39450561599966,Gas Development,Active,1
31003558210000,2011,0.0,0.0,0.0,42.54430331400005,-73.98277623299998,Oil Development,Inactive,1
31029030580000,1989,0.0,,1430000000.0,42.90013055000048,-78.49091643399964,Gas Development,Plugged and Abandoned,1
31029190820000,1987,0.0,,422000000.0,42.6409508320005,-78.73951583799965,Gas Development,Active,1
31009220640000,2015,0.0,0.0,2960000000.0,42.293071,-79.01636,Gas Development,Active,1
31003233740000,2001,1.0,250.0,282000000.0,42.16025323000008,-77.79311714599999,Oil Development,Active,1
31029649130000,1996,0.0,,1393000000.0,42.75771390300048,-76.70292830999966,Gas Development,Active,1
31121211370000,1993,0.0,,839000000.0,42.83674245900045,-78.39450561599966,Gas Development,Active,1
31013180250000,2014,0.0,0.0,1000000.0,42.159868,-79.393216,Gas Development,Active,1
31003115670000,2002,9.0,30.0,251000000.0,42.088023219000036,-77.78023782399998,Oil Development,Active,1
31013234640000,2014,1.0,1.0,2000000.0,42.038067,-79.283549,Oil Development,Active,1
31069205380000,1993,0.0,,0.0,42.866420037000466,-76.98208959099964,Gas Development,Inactive,1
31009245560000,2013,47.0,253.0,622000000.0,42.09225112200005,-78.49724749699999,Oil Development,Active,1
31013179570000,2005,0.0,0.0,1327000000.0,43.230370606000065,-75.07312619199996,Gas Development,Active,1
31013104710000,1996,0.0,,1666000000.0,42.3616243030005,-79.48653777899966,Gas Development,Active,1
31013182580000,2000,0.0,,3025000000.0,42.020830128000455,-79.62887850199968,Gas Development,Active,1
31013192920000,1986,0.0,,78421000000.0,43.23037120900045,-75.07312681499963,Gas Development,Active,1
31011159620000,2013,138.0,0.0,3773000000.0,42.85856410200006,-76.68352600499998,Gas Development,Active,1
31029222400000,2007,0.0,0.0,323000000.0,42.64988085500005,-79.04095760399997,Gas Development,Active,1
31013180070000,2006,45.0,0.0,1725000000.0,42.088272181000036,-79.41227952199995,Gas Development,Active,1
31029171760000,1990,0.0,,1887000000.0,42.66478221800048,-78.88882822399967,Gas Development,Inactive,1
31013115060000,2015,1.0,4.0,3000000.0,42.038067,-79.283549,Oil Development,Active,1
31013170680000,2013,0.0,0.0,1571000000.0,42.19296057200006,-79.24892953199998,Gas Development,Active,1
31013168350000,2002,0.0,0.0,39000000.0,42.37070143700004,-79.13500732899996,Gas Development,Active,1
31009186130000,1993,0.0,,0.0,42.38755907700045,-78.37612582799966,Gas Wildcat,Active,1
31003160680000,2012,0.0,53.0,0.0,42.06668364500007,-78.16764889199999,Oil Development,Active,1
31013168410000,1990,40.0,,317000000.0,43.24540427500045,-77.61779716599966,Gas Development,Active,1
31013032650000,2014,0.0,0.0,1000000.0,42.194749,-79.250394,Gas Development,Active,1
31013208710000,2014,2.0,0.0,1428000000.0,43.226463,-75.062063,Gas Development,Active,1
31013187480000,2005,25.0,0.0,822000000.0,42.29336326600003,-79.09200808799994,Gas Development,Active,1
31013201230000,1989,0.0,,0.0,43.24540427500045,-77.61779716599966,Gas Wildcat,Inactive,1
31003603450000,2002,0.0,0.0,152000000.0,42.01271230700007,-78.05476699299999,Gas Development,Active,1
31121158730000,1990,0.0,,0.0,42.6294415590005,-78.05405979999966,Gas Development,Active,1
31009276890000,2015,355.0,143.0,0.0,42.088061,-78.491258,Oil Development,Active,1
31013211900000,1990,210.0,,5404000000.0,41.20120795700046,-73.88346743599965,Gas Development,Active,1
31099213590000,2009,0.0,0.0,1454000000.0,42.81890361500007,-76.80892711999996,Gas Development,Active,1
31009170260000,2005,0.0,0.0,40000000.0,42.16233383800005,-78.97460931299997,Gas Development,Active,1
31013124950000,1993,0.0,,1566000000.0,42.29336363900046,-79.09200686499963,Gas Development,Active,1
31013223430000,2014,0.0,0.0,619000000.0,42.379838,-79.467344,Gas Development,Active,1
31013164610000,2004,120.0,0.0,1099000000.0,42.088272181000036,-79.41227952199995,Gas Development,Active,1
31009242080000,2012,47.0,235.0,834000000.0,42.09225112200005,-78.49724749699999,Oil Development,Active,1
31009681500000,2011,2.0,6.0,0.0,42.09225112200005,-78.49724749699999,Oil Development,Plugged and Abandoned,1
31013183640000,1992,180.0,,4316000000.0,42.020830128000455,-79.62887850199968,Gas Development,Active,1
31013123910000,2006,0.0,0.0,931000000.0,42.403124252000055,-79.23637919499998,Gas Development,Active,1
31101132660000,2007,16.0,127.0,497000000.0,42.094842991000064,-77.72058926999995,Oil Development,Active,1
31013171530000,1988,0.0,,5147000000.0,42.29336363900046,-79.09200686499963,Gas Development,Active,1
31013137680000,2006,45.0,0.0,1421000000.0,42.205101900000045,-79.46580628599997,Gas Development,Active,1
31121182020000,1999,0.0,,325000000.0,42.7372410640005,-78.41924809699964,Gas Development,Active,1
31013201400000,2001,0.0,0.0,2658000000.0,42.32230061700005,-79.57760786799997,Gas Development,Active,1
31003607760000,2005,0.0,0.0,46000000.0,42.16025323000008,-77.79311714599999,Oil Development,Active,1
31069194200000,2011,0.0,0.0,0.0,42.958473318000074,-77.06033841799996,Gas Development,Shut-In,1
31013147960000,1995,0.0,,197000000.0,41.20120795700046,-73.88346743599965,Gas Development,Active,1
31029208380000,1992,3.0,,5741000000.0,42.75771390300048,-76.70292830999966,Gas Development,Active,1
31029147670000,2012,0.0,0.0,1000000.0,42.59468249100007,-78.94094613599998,Gas Development,Active,1
31009684980000,2012,0.0,0.0,0.0,42.10728218400004,-78.64980766599996,Oil Development,Inactive,1
31037205920000,2014,45.0,0.0,1107000000.0,42.931426,-78.100968,Gas Development,Active,1
31009300130000,2014,25.0,473.0,310000000.0,42.023289,-78.628438,Oil Development,Active,1
31003110370000,2008,5.0,20.0,1000000.0,42.01271230700007,-78.05476699299999,Oil Development,Plugged and Abandoned,1
31013245880000,2014,0.0,0.0,2687000000.0,42.324884,-79.573821,Gas Development,Active,1
31003639890000,2008,0.0,2.0,0.0,42.173332610000045,-77.98390627099997,Oil Development,Not Reported on AWR,1
31003638620000,2012,0.0,0.0,0.0,42.06668364500007,-78.16764889199999,Oil Development,Inactive,1
31013123940000,1998,0.0,,358000000.0,42.487243753000485,-79.33577835999967,Gas Development,Active,1
31029211650000,1998,0.0,,0.0,42.70394143600049,-78.57472823799964,Gas Development,Inactive,1
31009168490000,1996,0.0,,2853000000.0,42.29338150400048,-79.01635918699964,Gas Development,Active,1
31013128800000,2015,0.0,0.0,227000000.0,42.324884,-79.573821,Gas Development,Active,1
31013139580000,2014,0.0,0.0,0.0,42.481338,-79.333958,Gas Development,Inactive,1
31029191870000,1990,0.0,,766000000.0,42.6409508320005,-78.73951583799965,Gas Development,Active,1
31099040640000,1994,0.0,,10732000000.0,42.81890018200045,-76.80892795599965,Gas Wildcat,Active,1
31003049630000,2014,18.0,14.0,0.0,42.02693,-78.205893,Oil Development,Active,1
31099195510000,2004,0.0,0.0,5063000000.0,42.81890361500007,-76.80892711999996,Gas Development,Active,1
31013123870000,2007,0.0,0.0,710000000.0,42.403124252000055,-79.23637919499998,Gas Development,Active,1
31013199470000,1991,0.0,,19343000000.0,42.19514403000045,-79.38579925999966,Gas Development,Active,1
31029036470000,2005,0.0,0.0,0.0,42.716060207000055,-78.83210986499995,Gas Development,Plugged and Abandoned,1
31013181510000,1985,0.0,,0.0,42.129732772000466,-79.68820686199967,Gas Development,Inactive,1
31003658300000,2003,0.0,0.0,0.0,42.06668364500007,-78.16764889199999,Oil Development,Inactive,1
31003603590000,1991,0.0,,147000000.0,42.01271066300046,-78.05476991799964,Gas Development,Active,1
31009108450000,2014,1.0,0.0,720000000.0,42.35589,-78.832619,Gas Extension,Active,1
31013106590000,2004,1.0,0.0,822000000.0,42.36162322700005,-79.48653679199998,Gas Development,Active,1
31013122620000,2003,10.0,0.0,3930000000.0,42.423823638000044,-79.31416638599995,Gas Development,Active,1
31107214510000,2002,0.0,0.0,0.0,42.10270306700005,-76.26213611299994,Monitoring Storage,Active,1
31029132260000,2014,0.0,0.0,498000000.0,42.638457,-79.027689,Gas Development,Active,1
31029199180000,2007,0.0,0.0,200000000.0,42.66478299000005,-78.88882867299998,Gas Development,Active,1
31009199120000,1994,5.0,,2140000000.0,42.16233121400046,-78.97460960099966,Gas Development,Active,1
31013155060000,1999,0.0,,138000000.0,42.03788189500045,-79.28375662499968,Gas Development,Shut-In,1
31003679700000,2010,0.0,0.0,0.0,42.06668364500007,-78.16764889199999,Enhanced Oil Recovery - Injection,Not Reported on AWR,1
31013167890000,2009,0.0,0.0,1591000000.0,42.037884113000075,-79.28375749399999,Gas Development,Active,1
31013200690000,1999,0.0,,3430000000.0,42.19296008200047,-79.24892957399965,Gas Development,Active,1
31013201480000,1996,0.0,,0.0,42.0678276910005,-79.70365587199967,Gas Development,Plugged and Abandoned,1
31013113550000,2004,10.0,0.0,1273000000.0,42.205101900000045,-79.46580628599997,Gas Development,Active,1
31029159160000,1999,0.0,,1402000000.0,42.53582208600045,-78.71790859699968,Gas Development,Active,1
31051173370000,2001,90.0,0.0,725400000.0,42.91258434300005,-77.74701922199995,Gas Development,Active,1
31013207730000,2013,82.0,0.0,1507000000.0,42.205101900000045,-79.46580628599997,Gas Development,Active,1
31013247440000,2014,0.0,0.0,782000000.0,42.9669,-75.378098,Gas Development,Active,1
31013127100000,1998,0.0,,658000000.0,42.322304303000465,-79.57760707899968,Gas Development,Active,1
31029183480000,1986,0.0,,1564000000.0,42.59375254100047,-79.01745785999964,Gas Development,Active,1
31121208410000,1997,73.0,,2938000000.0,42.83674245900045,-78.39450561599966,Gas Development,Active,1
31029169780000,1994,0.0,,0.0,42.66478221800048,-78.88882822399967,Gas Development,Active,1
31011116560000,1999,0.0,,4868000000.0,42.9966128260005,-76.53361649699963,Gas Development,Active,1
31013202030000,1988,0.0,,10783000000.0,42.19514403000045,-79.38579925999966,Oil Development,Active,1
31029136170000,2007,0.0,0.0,0.0,42.64988085500005,-79.04095760399997,Gas Development,Not Reported on AWR,1
31101216630000,2003,8.0,73.0,163000000.0,42.094842991000064,-77.72058926999995,Oil Development,Active,1
31013201270000,1989,0.0,,1535000000.0,42.19296008200047,-79.24892957399965,Oil Wildcat,Inactive,1
31013121740000,2006,0.0,0.0,1412000000.0,42.48724218400008,-79.33577714999996,Gas Development,Active,1
31013104580000,2015,35.0,0.0,359000000.0,42.266859,-79.710476,Gas Development,Active,1
31037156240000,1987,0.0,,5139000000.0,42.90205099500048,-78.35201911399963,Gas Development,Active,1
31013182940000,1997,65.0,,1268000000.0,42.19296008200047,-79.24892957399965,Gas Development,Active,1
31013184570000,2014,45.0,0.0,409000000.0,42.251704,-79.501693,Gas Development,Active,1
31013119160000,1997,34.0,,456000000.0,43.24540427500045,-77.61779716599966,Gas Development,Active,1
31013156970000,1987,0.0,,2039000000.0,42.40699727700047,-79.23642814699963,Gas Development,Active,1
31037174830000,1986,0.0,,0.0,42.90205099500048,-78.35201911399963,Gas Development,Active,1
31013169080000,2014,3.0,0.0,4769000000.0,42.734402,-78.731697,Gas Development,Active,1
31013128050000,1986,0.0,,0.0,42.020830128000455,-79.62887850199968,Gas Development,Inactive,1
31013157700000,1989,0.0,,5385000000.0,42.0678276910005,-79.70365587199967,Gas Development,Active,1
31013123600000,1992,0.0,,2457000000.0,42.3616243030005,-79.48653777899966,Gas Development,Active,1
31029200880000,2015,0.0,0.0,277000000.0,42.822476,-78.636722,Gas Development,Active,1
31003278670000,2014,16.0,84.0,366000000.0,42.156405,-77.795231,Oil Development,Active,1
31013177750000,1998,0.0,,1000000.0,42.29336363900046,-79.09200686499963,Gas Development,Active,1
31101214260000,2007,0.0,0.0,0.0,42.12145077200006,-77.50318791899997,Gas Wildcat,Shut-In,1
31013108660000,2014,2.0,1.0,3000000.0,42.038067,-79.283549,Oil Development,Active,1
31013120220000,2002,45.0,0.0,2517000000.0,42.088272181000036,-79.41227952199995,Gas Development,Active,1
31003608500000,2008,3.0,3.0,3000000.0,42.06668364500007,-78.16764889199999,Oil Development,Shut-In,1
31037194390000,2004,0.0,0.0,329000000.0,43.065993648000074,-78.27070569499995,Gas Development,Active,1
31013146060000,1986,0.0,,1047000000.0,42.205103549000455,-79.46580590299965,Gas Development,Active,1
31013136200000,1987,3.0,,3066000000.0,42.03788189500045,-79.28375662499968,Gas Development,Active,1
31003678120000,2009,0.0,0.0,0.0,42.173332610000045,-77.98390627099997,Oil Development,Inactive,1
31003282360000,2014,5.0,2.0,0.0,42.137408,-78.150594,Oil Development,Active,1
31051173010000,2008,0.0,0.0,337000000.0,43.20406069000006,-76.93921855399998,Gas Development,Active,1
31121182300000,1987,0.0,,1254000000.0,42.83674245900045,-78.39450561599966,Gas Development,Active,1
31003656640000,2014,0.0,0.0,0.0,42.02693,-78.205893,Oil Development,Inactive,1
31003679840000,2008,0.0,0.0,0.0,42.06668364500007,-78.16764889199999,Enhanced Oil Recovery - Injection,Not Reported on AWR,1
31037173430000,2012,0.0,0.0,834000000.0,42.90205237400005,-78.35201836199997,Gas Development,Active,1
31013117880000,2011,0.0,0.0,344000000.0,42.423823638000044,-79.31416638599995,Gas Development,Active,1
31013137920000,2004,0.0,0.0,0.0,42.487051017000056,-79.23930894099993,Gas Development,Active,1
31013184050000,1994,52.0,,259000000.0,42.26656226300048,-79.71128793299965,Gas Development,Active,1
31013157530000,1995,0.0,,1324000000.0,42.29336363900046,-79.09200686499963,Gas Development,Active,1
31029177670000,2002,0.0,0.0,80000000.0,42.648480445000075,-78.68738754399999,Gas Development,Active,1
31029155310000,1992,0.0,,2115000000.0,42.76718214500045,-78.74387926899965,Gas Development,Active,1
31013132560000,2014,0.0,0.0,0.0,42.038067,-79.283549,Gas Development,Shut-In,1
31011159620000,2005,0.0,0.0,2159000000.0,42.85856410200006,-76.68352600499998,Gas Development,Active,1
31013121060000,2005,0.0,0.0,2919000000.0,42.96356369500006,-75.37938908499996,Gas Development,Active,1
31003607620000,2015,20.0,25.0,5000000.0,42.137408,-78.150594,Oil Development,Active,1
31009169180000,1996,0.0,,276000000.0,42.3847813000005,-78.93615603399968,Gas Development,Active,1
31003627340000,2011,6.0,14.0,1000000.0,42.088023219000036,-77.78023782399998,Oil Development,Active,1
31013110960000,1987,0.0,,160000000.0,42.26656226300048,-79.71128793299965,Gas Development,Active,1
31013110050000,1987,15.0,,3336000000.0,42.31662335800047,-79.35563933699967,Gas Development,Active,1
31009159140000,2009,0.0,0.0,0.0,42.289024219000055,-78.89022908199996,Gas Development,Inactive,1
31029155330000,1991,0.0,,840000000.0,42.96042359900048,-78.52367565699967,Gas Development,Inactive,1
31003045410000,2015,0.0,0.0,0.0,42.088045,-77.781386,Oil Development,Active,1
31121139630000,2010,0.0,0.0,2192000000.0,42.84644055600006,-78.00999834599997,Gas Development,Active,1
31013114900000,1991,0.0,,100000000.0,42.26656226300048,-79.71128793299965,Gas Development,Active,1
31013252700000,2012,0.0,0.0,2187000000.0,42.96356369500006,-75.37938908499996,Gas Development,Active,1
31029116920000,1998,0.0,,1230000000.0,42.53582208600045,-78.71790859699968,Gas Development,Active,1
31009247190000,2015,40.0,102.0,651000000.0,42.088061,-78.491258,Oil Development,Active,1
31013135730000,2005,0.0,0.0,1054000000.0,42.423823638000044,-79.31416638599995,Gas Development,Active,1
31013167070000,1992,0.0,,2024000000.0,42.19296008200047,-79.24892957399965,Gas Development,Active,1
31011206550000,2004,0.0,0.0,4711000000.0,42.86032017100007,-76.57441854399997,Gas Development,Active,1
31029183720000,1994,0.0,,0.0,42.69834088200048,-78.94540989999967,Gas Development,Inactive,1
31003253970000,2014,80.0,30.0,289000000.0,42.156405,-77.795231,Oil Development,Active,1
31013207990000,2009,0.0,0.0,2732000000.0,42.12778151200007,-79.24113614199996,Gas Development,Active,1
31003658310000,2014,4.0,17.0,0.0,42.066701,-78.167667,Oil Development,Active,1
31003627250000,1990,0.0,,0.0,42.82700178100049,-75.54396639699968,Not Listed,Voided Permit,1
31003675420000,2011,0.0,0.0,0.0,42.06668364500007,-78.16764889199999,Oil Development,Inactive,1
31013120900000,2003,0.0,0.0,79000000.0,42.96356369500006,-75.37938908499996,Gas Development,Active,1
31013234370001,2012,0.0,0.0,3436000000.0,42.02716097700005,-79.20258709099994,Gas Development,Active,1
31011196470000,2006,0.0,0.0,4536000000.0,42.922942928000055,-76.67442556599997,Gas Development,Active,1
31013182180000,1989,0.0,,955000000.0,42.217001377000486,-79.10806714699964,Gas Development,Active,1
31009550920000,2009,0.0,62.0,0.0,42.07755349100006,-78.42886750099996,Oil Development,Active,1
31051173030000,1991,165.0,,3773000000.0,42.97387118100045,-77.85328841499967,Gas Development,Active,1
31009255670000,2009,365.0,155.0,221000000.0,42.10728218400004,-78.64980766599996,Oil Development,Active,1
31003652620000,2010,0.0,0.0,0.0,42.06668364500007,-78.16764889199999,Oil Development,Inactive,1
31013112630000,2013,0.0,0.0,689000000.0,42.36162322700005,-79.48653679199998,Gas Development,Active,1
31029147670000,2015,0.0,0.0,1000000.0,42.595159,-78.940951,Gas Development,Active,1
31003607740000,2010,0.0,0.0,5000000.0,42.16025323000008,-77.79311714599999,Oil Development,Active,1
31013102980000,2012,0.0,0.0,146000000.0,42.423823638000044,-79.31416638599995,Gas Development,Active,1
31013226770000,2007,0.0,0.0,6234000000.0,42.02716097700005,-79.20258709099994,Gas Development,Active,1
31029197480000,2014,0.0,0.0,348000000.0,42.58859,-79.044449,Gas Development,Active,1
31003697290000,2008,0.0,0.0,0.0,42.173332610000045,-77.98390627099997,Enhanced Oil Recovery - Injection,Inactive,1
31013148060000,1997,0.0,,4645000000.0,42.205103549000455,-79.46580590299965,Gas Development,Active,1
31013088740000,2013,0.0,4.0,0.0,42.037884113000075,-79.28375749399999,Oil Development,Active,1
31013219150000,2011,0.0,0.0,420000000.0,42.15934185200007,-79.59595990199995,Gas Development,Active,1
31013108750000,2000,0.0,,182000000.0,42.129732772000466,-79.68820686199967,Gas Development,Active,1
31013219550000,2011,0.0,0.0,2012000000.0,42.31662340100007,-79.35563629099994,Gas Development,Active,1
31011045710000,2010,0.0,0.0,0.0,42.85856410200006,-76.68352600499998,Gas Development,Shut-In,1
31051138410000,2005,0.0,0.0,0.0,42.77199211900006,-77.89395996899998,Gas Development,Active,1
31013207600000,2012,5.0,0.0,394000000.0,43.245401668000056,-77.61779921199997,Gas Development,Active,1
31003668890000,2014,16.0,0.0,1000000.0,42.02693,-78.205893,Oil Development,Active,1
31003100980000,2010,0.0,34.0,0.0,42.01271230700007,-78.05476699299999,Oil Development,Active,1
31009143640000,2012,0.0,0.0,1000000.0,42.45647318600004,-79.00313765599998,Gas Development,Active,1
31013187150000,1988,250.0,,2542000000.0,42.19296008200047,-79.24892957399965,Gas Development,Active,1
31013111380000,2014,4.0,0.0,276000000.0,42.316097,-79.359685,Gas Development,Active,1
31013158770000,1995,0.0,,392000000.0,42.19514403000045,-79.38579925999966,Gas Development,Active,1
31029222810000,1993,80.0,,16692000000.0,42.8488412640005,-78.64054591599967,Gas Development,Active,1
31013111210000,1987,0.0,,417000000.0,42.40699727700047,-79.23642814699963,Gas Development,Active,1
31029690450000,2011,0.0,0.0,0.0,42.716060207000055,-78.83210986499995,Gas Development,Active,1
31013232720000,2006,0.0,0.0,1304000000.0,42.15934185200007,-79.59595990199995,Gas Development,Active,1
31013157860000,1990,0.0,,1966000000.0,42.19514403000045,-79.38579925999966,Gas Development,Active,1
31011206750000,2012,0.0,0.0,3313000000.0,42.86032017100007,-76.57441854399997,Gas Development,Active,1
31013027490000,2013,0.0,0.0,90000000.0,42.487051017000056,-79.23930894099993,Gas Development,Active,1
31013162550000,1997,0.0,,2032000000.0,42.217001377000486,-79.10806714699964,Gas Development,Active,1
31013189240000,1995,0.0,,322000000.0,42.217001377000486,-79.10806714699964,Gas Development,Active,1
31013159380000,1990,20.0,,2111000000.0,42.205103549000455,-79.46580590299965,Gas Development,Active,1
31009235860000,2012,0.0,0.0,0.0,42.10728218400004,-78.64980766599996,Oil Development,Inactive,1
31013152980000,2003,0.0,0.0,977000000.0,42.205101900000045,-79.46580628599997,Gas Development,Active,1
31121172310000,2008,0.0,0.0,989000000.0,42.84644055600006,-78.00999834599997,Gas Development,Active,1
31013157440000,1996,0.0,,2918000000.0,42.217001377000486,-79.10806714699964,Gas Development,Active,1
31037021800000,2002,0.0,0.0,0.0,42.874662142000034,-78.02324666499999,Gas Development,Inactive,1
31009106510000,2001,4380.0,0.0,0.0,42.09225112200005,-78.49724749699999,Enhanced Oil Recovery - Injection,Not Reported on AWR,1
31013255740000,2014,0.0,0.0,2279000000.0,42.038067,-79.283549,Gas Development,Active,1
31009185600000,2006,0.0,0.0,681000000.0,42.16233383800005,-78.97460931299997,Gas Development,Active,1
31003198630000,2008,432.0,37.0,9000000.0,43.000943515000074,-78.19369206299996,Oil Development,Not Reported on AWR,1
31013197630000,1993,0.0,,1321000000.0,42.8744233810005,-78.85339824199963,Gas Development,Active,1
31011205200000,2007,40.0,0.0,1679000000.0,42.86032017100007,-76.57441854399997,Gas Development,Active,1
31013143120000,1987,70.0,,2752000000.0,42.487243753000485,-79.33577835999967,Gas Development,Active,1
31029201030000,2012,0.0,0.0,103000000.0,42.66478299000005,-78.88882867299998,Gas Development,Active,1
31013199050000,2014,0.0,0.0,0.0,42.194749,-79.250394,Oil Development,Shut-In,1
31037174890000,1993,0.0,,0.0,42.90205099500048,-78.35201911399963,Gas Development,Active,1
31003660980000,2011,3.0,8.0,90000000.0,42.12451389000006,-78.15604994399996,Oil Development,Active,1
31009199120000,2007,0.0,0.0,724000000.0,42.16233383800005,-78.97460931299997,Gas Development,Active,1
31013190250000,1993,1.0,,6141000000.0,43.23037120900045,-75.07312681499963,Gas Development,Active,1
31009202560000,2013,10.0,47.0,0.0,42.10728218400004,-78.64980766599996,Oil Development,Active,1
31029137010000,2012,0.0,0.0,1024000000.0,42.96042055400005,-78.52367744799994,Gas Development,Active,1
31013225650000,2001,0.0,0.0,3628000000.0,42.205101900000045,-79.46580628599997,Gas Development,Inactive,1
31013178090000,1994,0.0,,0.0,42.217001377000486,-79.10806714699964,Gas Development,Inactive,1
31009123820000,2010,0.0,90.0,0.0,42.09225112200005,-78.49724749699999,Oil Development,Plugged and Abandoned,1
31013226460000,1997,0.0,,10922000000.0,42.03788189500045,-79.28375662499968,Gas Development,Active,1
31037175460000,1994,0.0,,4981000000.0,42.99836355800045,-78.18823639699963,Gas Development,Active,1
31013145320000,2014,0.0,0.0,462000000.0,42.251704,-79.501693,Gas Development,Active,1
31013221450000,2009,75.0,0.0,0.0,42.02083023700004,-79.62887619399999,Gas Development,Active,1
31013104060000,2007,0.0,0.0,232000000.0,42.266564318000064,-79.71128695999994,Gas Development,Active,1
31009168520000,1995,0.0,,376000000.0,42.16233121400046,-78.97460960099966,Gas Development,Active,1
31013114760000,1989,0.0,,0.0,42.48838573900048,-79.23725606999966,Gas Development,Active,1
31013139100000,2006,0.0,0.0,0.0,42.32230061700005,-79.57760786799997,Gas Development,Active,1
31029131810000,2010,0.0,0.0,0.0,42.82700376100007,-75.54396609999998,Gas Development,Plugged and Abandoned,1
31003219130000,2005,31.0,130.0,931000000.0,42.088023219000036,-77.78023782399998,Oil Development,Active,1
31029171760000,1999,0.0,,0.0,42.66478221800048,-78.88882822399967,Gas Development,Inactive,1
31003656690000,2003,1.0,2.0,0.0,43.000943515000074,-78.19369206299996,Oil Development,Not Reported on AWR,1
31121181490000,1987,30.0,,1192000000.0,42.7372410640005,-78.41924809699964,Gas Development,Active,1
31003300390000,2012,233.0,141.0,239000000.0,42.16025323000008,-77.79311714599999,Oil Development,Active,1
31009169920000,1988,0.0,,2686000000.0,42.239622435000456,-79.05676892799966,Gas Development,Active,1
31013106600000,2007,0.0,0.0,844000000.0,42.423823638000044,-79.31416638599995,Gas Development,Active,1
31123205620000,2006,0.0,0.0,0.0,42.70448348900004,-77.20625664399995,Gas Wildcat,Shut-In,1
31013246470000,2014,5.0,0.0,2599000000.0,42.021944,-79.198276,Gas Development,Active,1
31013178510000,2011,0.0,0.0,0.0,42.29336326600003,-79.09200808799994,Gas Development,Active,1
31013180520000,2000,180.0,,5379000000.0,42.217001377000486,-79.10806714699964,Gas Development,Active,1
31003677980000,2010,0.0,0.0,0.0,42.173332610000045,-77.98390627099997,Oil Development,Inactive,1
31009246340000,2014,41.0,122.0,559000000.0,42.088061,-78.491258,Oil Development,Active,1
31009244910000,2006,0.0,753.0,1828000000.0,42.09225112200005,-78.49724749699999,Oil Development,Active,1
31037175820000,1988,0.0,,9555000000.0,42.90205099500048,-78.35201911399963,Gas Development,Active,1
31029154010000,1993,1.0,,179000000.0,42.75771390300048,-76.70292830999966,Gas Development,Active,1
31013135430000,2011,0.0,0.0,0.0,42.037884113000075,-79.28375749399999,Oil Development,Not Reported on AWR,1
31067229710100,2012,0.0,0.0,0.0,42.982440326000074,-76.34143930299996,Gas Wildcat,Shut-In,1
31013187170000,2015,0.0,0.0,1721000000.0,43.226463,-75.062063,Gas Development,Active,1
31013123310000,1996,0.0,,692000000.0,42.487243753000485,-79.33577835999967,Gas Development,Active,1
31013043560000,1995,0.0,,141000000.0,42.205103549000455,-79.46580590299965,Gas Development,Active,1
31003674830000,2011,0.0,7.0,0.0,42.06668364500007,-78.16764889199999,Oil Development,Not Reported on AWR,1
31009275220000,2012,10.0,232.0,429000000.0,42.10728218400004,-78.64980766599996,Oil Development,Active,1
31003607660000,2014,5.0,5.0,5000000.0,42.137408,-78.150594,Oil Development,Active,1
31099194630000,2006,0.0,0.0,672000000.0,42.805904258000055,-76.84525774399998,Gas Development,Active,1
31013123080000,2008,0.0,0.0,1414000000.0,42.96356369500006,-75.37938908499996,Gas Development,Active,1
31013111100000,1991,7.0,,2096000000.0,42.129732772000466,-79.68820686199967,Gas Development,Active,1
31013143900000,2013,0.0,0.0,244000000.0,42.15934185200007,-79.59595990199995,Gas Development,Active,1
31003225300000,2014,3.0,18.0,81000000.0,42.088045,-77.781386,Oil Development,Active,1
31013122280000,1990,1.0,,365000000.0,42.963563303000456,-75.37938870499966,Gas Development,Active,1
31029172700000,2010,0.0,0.0,1137000000.0,42.59375333000003,-79.01745739899997,Gas Development,Active,1
31029664710000,1988,0.0,,1019000000.0,42.90039405300047,-78.67012970499968,Gas Development,Active,1
31099175700000,1985,0.0,,607000000.0,42.81890018200045,-76.80892795599965,Gas Development,Plugged and Abandoned,1
31013052200000,2004,0.0,0.0,0.0,42.037884113000075,-79.28375749399999,Oil Development,Not Reported on AWR,1
31013183590000,1999,0.0,,1443000000.0,42.26656226300048,-79.71128793299965,Gas Development,Active,1
31013157860000,2002,80.0,0.0,2341000000.0,42.195143433000055,-79.38579622199995,Gas Development,Active,1
31013158190000,2001,0.0,0.0,3195000000.0,42.403124252000055,-79.23637919499998,Gas Development,Active,1
31013128710000,1997,0.0,,1668000000.0,42.322304303000465,-79.57760707899968,Gas Development,Active,1
31003660080000,2001,0.0,0.0,0.0,42.173332610000045,-77.98390627099997,Oil Development,Inactive,1
31029153010000,1995,0.0,,485000000.0,42.59375254100047,-79.01745785999964,Gas Wildcat,Active,1
31029246710001,2010,155.0,0.0,8844000000.0,42.59468249100007,-78.94094613599998,Gas Development,Active,1
31013183950000,1985,0.0,,0.0,42.129732772000466,-79.68820686199967,Gas Development,Active,1
31029249090000,2013,0.0,0.0,1355000000.0,42.59468249100007,-78.94094613599998,Gas Development,Active,1
31013211890000,2006,0.0,0.0,1115000000.0,42.02083023700004,-79.62887619399999,Gas Development,Active,1
31013103750000,2003,12.0,0.0,2236000000.0,42.423823638000044,-79.31416638599995,Gas Development,Active,1
31013207730000,1993,197.0,,5127000000.0,42.205103549000455,-79.46580590299965,Gas Development,Active,1
31009242920000,2010,20.0,176.0,300000000.0,42.09225112200005,-78.49724749699999,Oil Development,Active,1
31013223110000,2015,0.0,0.0,124000000.0,42.098961,-79.242051,Gas Development,Active,1
31029202210000,1987,0.0,,2465000000.0,42.96042359900048,-78.52367565699967,Gas Development,Inactive,1
31013172880000,2003,80.0,0.0,0.0,42.19296057200006,-79.24892953199998,Oil Development,Active,1
31101214390000,2012,286.0,164.0,99000000.0,42.094842991000064,-77.72058926999995,Oil Development,Active,1
31101230090000,2004,5.0,349.0,1332000000.0,42.094842991000064,-77.72058926999995,Oil Development,Active,1
31003679400000,2008,0.0,0.0,0.0,42.06668364500007,-78.16764889199999,Oil Development,Not Reported on AWR,1
31013111370000,1986,0.0,,0.0,42.26656226300048,-79.71128793299965,Gas Development,Active,1
31029190040000,1986,0.0,,3698000000.0,42.66478221800048,-78.88882822399967,Gas Development,Active,1
31009247220000,2014,41.0,122.0,559000000.0,42.088061,-78.491258,Oil Development,Active,1
31013113150000,2003,0.0,0.0,1568000000.0,42.36162322700005,-79.48653679199998,Gas Development,Active,1
31013177750000,2014,0.0,0.0,1000000.0,42.296322,-79.099108,Gas Development,Active,1
31009199360000,2009,0.0,0.0,619000000.0,42.49715174800008,-78.38496577399997,Gas Development,Not Reported on AWR,1
31051174060000,1994,0.0,,180000000.0,43.20406110900046,-76.93921900099963,Gas Development,Active,1
31013141550000,1992,0.0,,1471000000.0,42.322304303000465,-79.57760707899968,Gas Development,Active,1
31013209260000,2006,0.0,0.0,72000000.0,42.02083023700004,-79.62887619399999,Gas Development,Inactive,1
31013105930000,1986,0.0,,2697000000.0,42.3616243030005,-79.48653777899966,Gas Development,Inactive,1
31009245580000,2009,43.0,310.0,642000000.0,42.09225112200005,-78.49724749699999,Oil Development,Active,1
31013189350000,1989,0.0,,3326000000.0,43.23037120900045,-75.07312681499963,Gas Development,Active,1
31003659770000,2014,0.0,0.0,0.0,42.171429,-77.97865,Oil Development,Inactive,1
31003253460000,2008,0.0,0.0,0.0,42.16025323000008,-77.79311714599999,Not Listed,Expired Permit,1
31009242030000,2010,577.0,260.0,602000000.0,42.09225112200005,-78.49724749699999,Oil Development,Active,1
31003677160000,2001,0.0,0.0,0.0,42.173332610000045,-77.98390627099997,Enhanced Oil Recovery - Injection,Not Reported on AWR,1
31029187950000,2011,0.0,0.0,1612000000.0,42.66478299000005,-78.88882867299998,Gas Development,Active,1
31009623420000,2007,0.0,0.0,0.0,42.10728218400004,-78.64980766599996,Oil Development,Inactive,1
31013152700000,1986,0.0,,0.0,42.26656226300048,-79.71128793299965,Gas Development,Active,1
31003666980000,2005,2.0,2.0,0.0,42.088023219000036,-77.78023782399998,Oil Development,Active,1
31013603290000,1992,0.0,,0.0,42.82700178100049,-75.54396639699968,Not Listed,Voided Permit,1
31013219930000,2012,0.0,0.0,657000000.0,42.088272181000036,-79.41227952199995,Gas Development,Active,1
31003152240000,2004,4.0,15.0,326000000.0,42.088023219000036,-77.78023782399998,Oil Development,Active,1
31013117330000,2001,225.0,0.0,2573000000.0,42.088272181000036,-79.41227952199995,Gas Development,Active,1
31037105990000,2012,0.0,0.0,954000000.0,42.90205237400005,-78.35201836199997,Gas Development,Active,1
31067238630000,2014,0.0,0.0,0.0,42.982442,-76.340043,Gas Wildcat,Shut-In,1
31003165790000,2013,0.0,0.0,0.0,42.06668364500007,-78.16764889199999,Oil Development,Inactive,1
31013220150000,2013,0.0,0.0,157000000.0,42.088272181000036,-79.41227952199995,Gas Development,Active,1
31029248770000,2013,45.0,0.0,51000000.0,42.49661381300007,-78.92307868899996,Gas Development,Active,1
31013152330000,1992,0.0,,0.0,42.205103549000455,-79.46580590299965,Gas Development,Active,1
31003698010000,2013,0.0,0.0,0.0,42.54430331400005,-73.98277623299998,Oil Development,Inactive,1
31013187150000,1996,0.0,,3543000000.0,42.19296008200047,-79.24892957399965,Gas Development,Active,1
31099194630000,2015,0.0,0.0,765000000.0,42.780582,-76.851922,Gas Development,Active,1
31003652640000,2010,0.0,0.0,0.0,42.06668364500007,-78.16764889199999,Oil Development,Inactive,1
31013119410000,2006,0.0,0.0,2044000000.0,42.205101900000045,-79.46580628599997,Gas Development,Active,1
31013167100000,2009,0.0,0.0,44000000.0,42.205101900000045,-79.46580628599997,Gas Development,Active,1
31037196900000,2015,1.0,0.0,367000000.0,42.997549,-78.435048,Gas Development,Active,1
31037102490000,2013,20.0,0.0,141000000.0,42.99836053700005,-78.18823713399996,Gas Development,Active,1
31013124140000,2009,0.0,0.0,1162000000.0,42.423823638000044,-79.31416638599995,Gas Development,Active,1
31029160120000,1990,0.0,,3008000000.0,42.71606257200045,-78.83210809599967,Gas Development,Active,1
31013132570000,1997,0.0,,0.0,42.03788189500045,-79.28375662499968,Gas Development,Active,1
31013157210000,2005,75.0,0.0,1185000000.0,42.205101900000045,-79.46580628599997,Gas Development,Active,1
31013182730000,1986,119.0,,741000000.0,42.129732772000466,-79.68820686199967,Gas Development,Active,1
31097238310000,2015,0.0,0.0,0.0,42.332855,-77.035068,Gas Extension,Plugged and Abandoned,1
31121207970000,1992,0.0,,5877000000.0,42.83674245900045,-78.39450561599966,Gas Development,Active,1
31009103670000,2001,4380.0,0.0,0.0,42.09225112200005,-78.49724749699999,Enhanced Oil Recovery - Injection,Not Reported on AWR,1
31013208030000,1993,0.0,,3148000000.0,42.8744233810005,-78.85339824199963,Gas Development,Active,1
31009242400000,2014,35.0,114.0,515000000.0,42.088061,-78.491258,Oil Development,Active,1
31013148640000,1990,0.0,,0.0,42.03788189500045,-79.28375662499968,Gas Development,Shut-In,1
31003636050000,2002,0.0,0.0,0.0,42.24812337000003,-77.84194920399995,Oil Development,Inactive,1
31037174740000,1986,0.0,,4866000000.0,42.90205099500048,-78.35201911399963,Gas Development,Active,1
31011213280000,2010,172.0,0.0,22073000000.0,42.86032017100007,-76.57441854399997,Gas Extension,Active,1
31009163360000,2006,0.0,0.0,1018000000.0,42.16233383800005,-78.97460931299997,Gas Development,Active,1
31013200950000,2009,0.0,0.0,995000000.0,42.02083023700004,-79.62887619399999,Gas Development,Active,1
31009208900000,2001,0.0,0.0,745000000.0,42.53022364200007,-78.47539666299997,Gas Development,Not Reported on AWR,1
31013148860000,2015,0.0,0.0,1072000000.0,42.324884,-79.573821,Gas Development,Active,1
31121130830000,1992,0.0,,1962000000.0,42.694031045000486,-78.33762917299964,Gas Development,Active,1
31013112720000,1987,0.0,,592000000.0,42.322304303000465,-79.57760707899968,Gas Development,Active,1
31029152350000,2010,0.0,0.0,576000000.0,42.767181823000044,-78.74387961899998,Gas Development,Active,1
31051161240000,1985,0.0,,2343000000.0,42.97387118100045,-77.85328841499967,Gas Development,Active,1
31009219190000,2006,0.0,0.0,1228000000.0,42.29338104900006,-79.01635929999998,Gas Development,Active,1
31121179970000,1993,0.0,,1993000000.0,42.83674245900045,-78.39450561599966,Gas Development,Active,1
31013144200000,2002,40.0,0.0,1984000000.0,42.266564318000064,-79.71128695999994,Gas Development,Active,1
31013201440000,2013,0.0,0.0,1208000000.0,42.29336326600003,-79.09200808799994,Gas Development,Active,1
31003635750000,2002,6.0,155.0,0.0,42.01271230700007,-78.05476699299999,Oil Development,Active,1
31003052680000,2011,0.0,0.0,0.0,42.06668364500007,-78.16764889199999,Oil Development,Inactive,1
31013120130000,2009,45.0,0.0,1980000000.0,42.088272181000036,-79.41227952199995,Gas Development,Active,1
31013129650000,1993,0.0,,250000000.0,42.020830128000455,-79.62887850199968,Gas Development,Active,1
31013198210000,2003,40.0,0.0,8352000000.0,42.195143433000055,-79.38579622199995,Gas Development,Active,1
31003659430000,2015,4.0,6.0,0.0,42.085346,-77.922864,Oil Development,Active,1
31003172470000,2014,0.0,0.0,0.0,42.066701,-78.167667,Oil Development,Plugged and Abandoned,1
31013170530000,1995,0.0,,0.0,42.0678276910005,-79.70365587199967,Gas Development,Active,1
31009233670000,2005,26.0,241.0,1000000.0,42.10728218400004,-78.64980766599996,Oil Development,Active,1
31003656690000,2009,0.0,0.0,0.0,43.000943515000074,-78.19369206299996,Oil Development,Not Reported on AWR,1
31013111380000,2004,0.0,0.0,1019000000.0,42.31662340100007,-79.35563629099994,Gas Development,Inactive,1
31013165390000,1999,0.0,,400000000.0,42.29336363900046,-79.09200686499963,Gas Development,Active,1
31101001410000,1990,0.0,,0.0,42.36375019200045,-77.51254783299964,Gas Wildcat,Active,1
31009163410000,1995,0.0,,1491000000.0,42.16233121400046,-78.97460960099966,Gas Development,Active,1
31003657120000,2012,0.0,0.0,0.0,43.000943515000074,-78.19369206299996,Enhanced Oil Recovery - Injection,Not Reported on AWR,1
31013110510000,1998,5.0,,876000000.0,42.3616243030005,-79.48653777899966,Gas Development,Active,1
31011214690000,1991,0.0,,0.0,42.82700178100049,-75.54396639699968,Enhanced Oil Recovery - Injection,Plugged and Abandoned,1
31013148840000,1995,27.0,,1333000000.0,42.322304303000465,-79.57760707899968,Gas Development,Active,1
31013204020000,1987,70.0,,22012000000.0,42.205103549000455,-79.46580590299965,Gas Development,Active,1
31013219710000,2003,0.0,0.0,798000000.0,42.088272181000036,-79.41227952199995,Gas Development,Active,1
31037021870000,1990,3.0,,145000000.0,42.87466008700045,-78.02324781999965,Gas Development,Plugged and Abandoned,1
31013186410000,1991,0.0,,1826000000.0,42.19296008200047,-79.24892957399965,Gas Development,Active,1
31013109580000,1991,0.0,,1467000000.0,42.3616243030005,-79.48653777899966,Gas Development,Active,1
31003678180000,2010,0.0,0.0,0.0,42.173332610000045,-77.98390627099997,Oil Development,Inactive,1
31013197050000,2002,0.0,0.0,0.0,42.195143433000055,-79.38579622199995,Oil Wildcat,Active,1
31003055390000,2007,0.0,0.0,0.0,42.06668364500007,-78.16764889199999,Oil Development,Inactive,1
31013192910000,1993,28.0,,3264000000.0,42.963563303000456,-75.37938870499966,Gas Development,Active,1
31011212750000,2012,0.0,0.0,874000000.0,42.86032017100007,-76.57441854399997,Gas Development,Active,1
31037197000000,1991,34.0,,4507000000.0,43.12753359900046,-78.45730864099966,Gas Development,Active,1
31121225200000,2000,39.0,,9486000000.0,42.533830182000486,-78.42824739199966,Gas Wildcat,Active,1
31003698390000,2002,0.0,0.0,0.0,42.54430331400005,-73.98277623299998,Enhanced Oil Recovery - Injection,Inactive,1
31003609300000,2001,0.0,0.0,0.0,42.06668364500007,-78.16764889199999,Enhanced Oil Recovery - Injection,Inactive,1
31037174410000,1993,0.0,,5338000000.0,43.01478113200045,-78.34690983699966,Gas Development,Active,1
31003095590000,2010,5.0,9.0,0.0,42.01271230700007,-78.05476699299999,Oil Development,Active,1
31009243010000,2010,0.0,246.0,600000000.0,42.10728218400004,-78.64980766599996,Oil Development,Active,1
31099213870000,2015,0.0,0.0,2136000000.0,42.831987,-76.847469,Gas Development,Active,1
31037030920000,1994,0.0,,1335000000.0,42.90205099500048,-78.35201911399963,Gas Development,Active,1
31009242520000,2006,0.0,753.0,1828000000.0,42.09225112200005,-78.49724749699999,Oil Development,Active,1
31037194220000,1993,0.0,,738000000.0,43.12753359900046,-78.45730864099966,Gas Development,Active,1
31009662060000,2009,0.0,0.0,0.0,42.09225112200005,-78.49724749699999,Oil Development,Shut-In,1
31037173620000,1992,0.0,,3396000000.0,42.99836355800045,-78.18823639699963,Gas Development,Active,1
31013139760000,1994,4.0,,14000000.0,42.03788189500045,-79.28375662499968,Gas Development,Inactive,1
31013197460000,2007,0.0,0.0,956000000.0,42.96356369500006,-75.37938908499996,Gas Development,Active,1
31029202420000,1986,0.0,,10021000000.0,42.66478221800048,-78.88882822399967,Gas Development,Active,1
31013198140000,1986,0.0,,13800000000.0,42.19514403000045,-79.38579925999966,Oil Wildcat,Inactive,1
31013178900000,2015,100.0,52.0,326000000.0,42.159351,-79.595176,Oil Development,Active,1
31029138800000,2011,0.0,0.0,200000000.0,42.96042055400005,-78.52367744799994,Gas Development,Active,1
31003608630000,2014,10.0,8.0,0.0,42.066701,-78.167667,Oil Development,Active,1
31013181510000,2013,0.0,0.0,456000000.0,42.12973319400004,-79.68820909999994,Gas Development,Active,1
31013185780000,2014,0.0,0.0,965000000.0,42.391743,-79.119456,Gas Development,Active,1
31011213280000,2009,144.0,0.0,6366000000.0,42.86032017100007,-76.57441854399997,Gas Extension,Active,1
31011206110000,2006,0.0,0.0,0.0,42.85856410200006,-76.68352600499998,Gas Development,Shut-In,1
31009673480000,2012,0.0,0.0,0.0,42.10728218400004,-78.64980766599996,Oil Development,Not Reported on AWR,1
31013170310000,1996,0.0,,114000000.0,42.159343358000456,-79.59595849699963,Gas Development,Inactive,1
31009137450000,2013,0.0,0.0,0.0,42.10728218400004,-78.64980766599996,Oil Development,Inactive,1
31029048580000,1998,0.0,,472000000.0,42.71606257200045,-78.83210809599967,Gas Development,Active,1
31013177500000,1993,0.0,,381000000.0,42.29336363900046,-79.09200686499963,Gas Development,Active,1
31009165210000,2014,0.0,0.0,4335000000.0,42.088061,-78.491258,Gas Wildcat,Active,1
31013178910000,1989,0.0,,2621000000.0,42.29336363900046,-79.09200686499963,Gas Development,Active,1
31013199820000,2003,0.0,0.0,857000000.0,42.195143433000055,-79.38579622199995,Gas Development,Active,1
31009634840000,2007,0.0,7.0,0.0,42.09225112200005,-78.49724749699999,Oil Development,Active,1
31029145820000,1992,0.0,,118000000.0,42.70394143600049,-78.57472823799964,Gas Development,Inactive,1
31029130990000,1991,0.0,,378000000.0,42.83851105500048,-78.55520668799966,Gas Development,Inactive,1
31013125250000,1994,0.0,,0.0,41.20120795700046,-73.88346743599965,Gas Extension,Active,1
31013115980000,1997,65.0,,3882000000.0,42.40699727700047,-79.23642814699963,Gas Development,Active,1
31009639740000,2007,0.0,17.0,0.0,42.09225112200005,-78.49724749699999,Oil Development,Not Reported on AWR,1
31009190240000,2006,2.0,17.0,17000000.0,42.09225112200005,-78.49724749699999,Oil Development,Active,1
31013158780000,2002,20.0,0.0,1297000000.0,42.195143433000055,-79.38579622199995,Gas Development,Active,1
31069139850000,2013,0.0,0.0,0.0,42.89703312900008,-77.44275691399997,Gas Extension,Shut-In,1
31003559840000,2013,0.0,0.0,0.0,42.54430331400005,-73.98277623299998,Oil Development,Inactive,1
31009193590000,2009,0.0,25.0,0.0,42.09225112200005,-78.49724749699999,Oil Development,Active,1
31009691020000,2008,0.0,0.0,0.0,42.09225112200005,-78.49724749699999,Oil Development,Not Reported on AWR,1
31013158050000,1986,0.0,,126000000.0,42.0678276910005,-79.70365587199967,Gas Development,Active,1
31037139740000,1997,20.0,,1417000000.0,42.901733899000476,-78.25626928699967,Gas Development,Active,1
31013183670000,2009,100.0,0.0,751000000.0,42.15934185200007,-79.59595990199995,Gas Development,Active,1
31013200950000,1991,169.0,,6704000000.0,42.020830128000455,-79.62887850199968,Gas Development,Active,1
31029200160000,1988,0.0,,1059000000.0,42.59375254100047,-79.01745785999964,Gas Development,Active,1
31013100840000,2005,0.0,0.0,662000000.0,42.36162322700005,-79.48653679199998,Gas Development,Active,1
31029177590000,2015,0.0,0.0,1566000000.0,42.767456,-78.743906,Gas Development,Active,1
31013220220000,1994,80.0,,1380000000.0,43.24540427500045,-77.61779716599966,Gas Development,Active,1
31003156460000,2009,0.0,0.0,0.0,43.000943515000074,-78.19369206299996,Oil Development,Inactive,1
31051173540000,2009,109.0,0.0,543000000.0,43.20406069000006,-76.93921855399998,Gas Development,Active,1
31037194250000,1998,20.0,,1316000000.0,43.0659900280005,-78.27070835599966,Gas Development,Active,1
31029030560000,1993,0.0,,5299000000.0,42.90013055000048,-78.49091643399964,Gas Development,Active,1
31051173590000,2008,127.0,0.0,606000000.0,43.20406069000006,-76.93921855399998,Gas Development,Active,1
31037138840000,2001,0.0,0.0,1434000000.0,42.90173228100008,-78.25626591699995,Gas Development,Active,1
31003664260000,2001,0.0,0.0,0.0,42.01271230700007,-78.05476699299999,Monitoring Storage,Active,1
31013192000000,2001,0.0,0.0,2407000000.0,42.088272181000036,-79.41227952199995,Gas Development,Active,1
31003221810000,2013,4.0,9.0,194000000.0,42.088023219000036,-77.78023782399998,Oil Development,Active,1
31107229340100,2008,0.0,0.0,0.0,42.19716624700004,-76.31616524599997,Dry Hole,Plugged and Abandoned,1
31003666440000,2007,0.0,0.0,0.0,42.12451389000006,-78.15604994399996,Oil Development,Inactive,1
31009130590000,2004,2467.0,0.0,0.0,42.09225112200005,-78.49724749699999,Enhanced Oil Recovery - Injection,Plugged and Abandoned,1
31029200170000,2014,10.0,0.0,1673000000.0,42.900146,-78.4922,Gas Development,Active,1
31003130570000,2004,102.0,93.0,665000000.0,42.088023219000036,-77.78023782399998,Oil Development,Active,1
