date,region,city,population,energy_consumption
2050-08-31,Tharsis,Tharsis Prime,1000,5000
2051-08-31,Tharsis,Tharsis Prime,2230,11707
2052-08-30,Tharsis,Tharsis Prime,3736,20594
2053-08-30,Tharsis,Tharsis Prime,5575,32268
2054-08-30,Tharsis,Tharsis Prime,7815,47495
2055-08-30,Tharsis,Tharsis Prime,10537,67240
2056-08-29,Tharsis,Tharsis Prime,13838,92721
2057-08-29,Tharsis,Tharsis Prime,17836,125485
2058-08-29,Tharsis,Tharsis Prime,22670,167469
2059-08-29,Tharsis,Tharsis Prime,28509,221134
2060-08-28,Tharsis,Tharsis Prime,35555,289576
2061-08-28,Tharsis,Tharsis Prime,44051,376710
2062-08-28,Tharsis,Tharsis Prime,54288,487467
2063-08-28,Tharsis,Tharsis Prime,66615,628062
2064-08-27,Tharsis,Tharsis Prime,81452,806346
2065-08-27,Tharsis,Tharsis Prime,99302,1032208
2066-08-27,Tharsis,Tharsis Prime,120769,1318117
2067-08-27,Tharsis,Tharsis Prime,146578,1679797
2068-08-26,Tharsis,Tharsis Prime,177598,2137053
2069-08-26,Tharsis,Tharsis Prime,214872,2714854
2070-08-26,Tharsis,Tharsis Prime,259655,3444710
2071-08-26,Tharsis,Tharsis Prime,313449,4366285
2072-08-25,Tharsis,Tharsis Prime,378058,5529591
2073-08-25,Tharsis,Tharsis Prime,455646,6997637
2074-08-25,Tharsis,Tharsis Prime,548811,8849851
2075-08-25,Tharsis,Tharsis Prime,660671,11186332
2076-08-24,Tharsis,Tharsis Prime,794966,14133194
2077-08-24,Tharsis,Tharsis Prime,956184,17849356
2078-08-24,Tharsis,Tharsis Prime,1149713,22535117
2079-08-24,Tharsis,Tharsis Prime,1382017,28442846
2080-08-23,Tharsis,Tharsis Prime,1660853,35890554
2081-08-23,Tharsis,Tharsis Prime,1995529,45278947
2082-08-23,Tharsis,Tharsis Prime,2397215,57112945
2083-08-23,Tharsis,Tharsis Prime,2879317,72028829
2084-08-22,Tharsis,Tharsis Prime,3457919,90828258
2085-08-22,Tharsis,Tharsis Prime,4152324,114521414
2086-08-22,Tharsis,Tharsis Prime,4985694,144381114
2087-08-22,Tharsis,Tharsis Prime,5985826,182011218
2088-08-21,Tharsis,Tharsis Prime,7105541,226861353
2089-08-21,Tharsis,Tharsis Prime,8247651,276492237
2090-08-21,Tharsis,Tharsis Prime,9412603,331323094
2091-08-21,Tharsis,Tharsis Prime,10600854,391806935
2092-08-20,Tharsis,Tharsis Prime,11812870,458433123
2093-08-20,Tharsis,Tharsis Prime,13049127,531730194
2094-08-20,Tharsis,Tharsis Prime,14310108,612268723
2095-08-20,Tharsis,Tharsis Prime,15596309,700664789
2096-08-19,Tharsis,Tharsis Prime,16908234,797583224
2097-08-19,Tharsis,Tharsis Prime,18246398,903741455
2098-08-19,Tharsis,Tharsis Prime,19611325,1019913397
2099-08-19,Tharsis,Tharsis Prime,21003550,1146933832
2100-08-19,Tharsis,Tharsis Prime,22423620,1285703075
2101-08-19,Tharsis,Tharsis Prime,23872091,1437191758
2102-08-19,Tharsis,Tharsis Prime,25349532,1602446363
2103-08-19,Tharsis,Tharsis Prime,26856521,1782594689
2104-08-18,Tharsis,Tharsis Prime,28393650,1978852294
2105-08-18,Tharsis,Tharsis Prime,29961522,2192528888
2106-08-18,Tharsis,Tharsis Prime,31560751,2425035391
2107-08-18,Tharsis,Tharsis Prime,33191965,2677891737
2108-08-17,Tharsis,Tharsis Prime,34855803,2952734801
2109-08-17,Tharsis,Tharsis Prime,36552918,3251327382
2110-08-17,Tharsis,Tharsis Prime,38283975,3575567428
2111-08-17,Tharsis,Tharsis Prime,40049654,3927498393
2112-08-16,Tharsis,Tharsis Prime,41850646,4309319680
2113-08-16,Tharsis,Tharsis Prime,43687658,4723398740
2114-08-16,Tharsis,Tharsis Prime,45561410,5172283255
2115-08-16,Tharsis,Tharsis Prime,47472637,5658714726
2116-08-15,Tharsis,Tharsis Prime,49422089,6185642857
2117-08-15,Tharsis,Tharsis Prime,51410530,6756240849
2118-08-15,Tharsis,Tharsis Prime,53438739,7373922053
2119-08-15,Tharsis,Tharsis Prime,55507513,8042358147
2120-08-14,Tharsis,Tharsis Prime,57617662,8765497511
2121-08-14,Tharsis,Tharsis Prime,59770014,9547586371
2122-08-14,Tharsis,Tharsis Prime,61965413,10393190459
2123-08-14,Tharsis,Tharsis Prime,64204720,11307218714
2124-08-13,Tharsis,Tharsis Prime,66488813,12294948536
2125-08-13,Tharsis,Tharsis Prime,68818588,13362053067
2126-08-13,Tharsis,Tharsis Prime,71194959,14514630281
2127-08-13,Tharsis,Tharsis Prime,73618857,15759233960
2128-08-12,Tharsis,Tharsis Prime,76091233,17102907755
2129-08-12,Tharsis,Tharsis Prime,78613056,18553220676
2130-08-12,Tharsis,Tharsis Prime,81185316,20118306272
2131-08-12,Tharsis,Tharsis Prime,83809021,21806903239
2132-08-11,Tharsis,Tharsis Prime,86485200,23628400425
2133-08-11,Tharsis,Tharsis Prime,89214904,25592884671
2134-08-11,Tharsis,Tharsis Prime,91479773,27554732830
2135-08-11,Tharsis,Tharsis Prime,93269020,29498357782
2136-08-10,Tharsis,Tharsis Prime,94682525,31442679982
2137-08-10,Tharsis,Tharsis Prime,95799194,33404184874
2138-08-10,Tharsis,Tharsis Prime,96681363,35397377453
2139-08-10,Tharsis,Tharsis Prime,97378276,37435160806
2140-08-09,Tharsis,Tharsis Prime,97928837,39529153799
2141-08-09,Tharsis,Tharsis Prime,98363780,41689955301
2142-08-09,Tharsis,Tharsis Prime,98707386,43927366717
2143-08-09,Tharsis,Tharsis Prime,98978834,46250576581
2144-08-08,Tharsis,Tharsis Prime,99193278,48668320496
2145-08-08,Tharsis,Tharsis Prime,99362689,51189012559
2146-08-08,Tharsis,Tharsis Prime,99496524,53820858828
2147-08-08,Tharsis,Tharsis Prime,99602253,56571953585
2148-08-07,Tharsis,Tharsis Prime,99685779,59450364298
2149-08-07,Tharsis,Tharsis Prime,99751765,62464202713
2050-08-31,Argyre,Argyre Prime,1000,5000
2051-08-31,Argyre,Argyre Prime,2250,11812
2052-08-30,Argyre,Argyre Prime,3802,20958
2053-08-30,Argyre,Argyre Prime,5719,33102
2054-08-30,Argyre,Argyre Prime,8077,49088
2055-08-30,Argyre,Argyre Prime,10968,69991
2056-08-29,Argyre,Argyre Prime,14501,97163
2057-08-29,Argyre,Argyre Prime,18809,132330
2058-08-29,Argyre,Argyre Prime,24048,177649
2059-08-29,Argyre,Argyre Prime,30409,235871
2060-08-28,Argyre,Argyre Prime,38120,310467
2061-08-28,Argyre,Argyre Prime,47456,405829
2062-08-28,Argyre,Argyre Prime,58744,527478
2063-08-28,Argyre,Argyre Prime,72380,682416
2064-08-27,Argyre,Argyre Prime,88838,879465
2065-08-27,Argyre,Argyre Prime,108686,1129751
2066-08-27,Argyre,Argyre Prime,132608,1447333
2067-08-27,Argyre,Argyre Prime,161424,1849933
2068-08-26,Argyre,Argyre Prime,196118,2359906
2069-08-26,Argyre,Argyre Prime,237870,3005428
2070-08-26,Argyre,Argyre Prime,288100,3822075
2071-08-26,Argyre,Argyre Prime,348510,4854679
2072-08-25,Argyre,Argyre Prime,412449,6032604
2073-08-25,Argyre,Argyre Prime,478946,7355470
2074-08-25,Argyre,Argyre Prime,548103,8838434
2075-08-25,Argyre,Argyre Prime,620026,10498140
2076-08-24,Argyre,Argyre Prime,694826,12352869
2077-08-24,Argyre,Argyre Prime,772618,14422677
2078-08-24,Argyre,Argyre Prime,853521,16729562
2079-08-24,Argyre,Argyre Prime,937661,19297699
2080-08-23,Argyre,Argyre Prime,1025167,22153563
2081-08-23,Argyre,Argyre Prime,1116173,25326185
2082-08-23,Argyre,Argyre Prime,1210819,28847408
2083-08-23,Argyre,Argyre Prime,1309250,32752122
2084-08-22,Argyre,Argyre Prime,1411619,37078629
2085-08-22,Argyre,Argyre Prime,1518082,41868818
2086-08-22,Argyre,Argyre Prime,1628805,47168695
2087-08-22,Argyre,Argyre Prime,1743956,53028530
2088-08-21,Argyre,Argyre Prime,1863713,59503485
2089-08-21,Argyre,Argyre Prime,1988260,66653942
2090-08-21,Argyre,Argyre Prime,2117790,74546088
2091-08-21,Argyre,Argyre Prime,2252501,83252303
2092-08-20,Argyre,Argyre Prime,2392600,92851871
2093-08-20,Argyre,Argyre Prime,2538304,103431660
2094-08-20,Argyre,Argyre Prime,2689835,115086611
2095-08-20,Argyre,Argyre Prime,2847427,127920768
2096-08-19,Argyre,Argyre Prime,3011323,142047993
2097-08-19,Argyre,Argyre Prime,3181775,157592855
2098-08-19,Argyre,Argyre Prime,3359045,174691664
2099-08-19,Argyre,Argyre Prime,3543406,193493586
2100-08-19,Argyre,Argyre Prime,3735141,214161775
2101-08-19,Argyre,Argyre Prime,3934546,236874812
2102-08-19,Argyre,Argyre Prime,4141927,261827944
2103-08-19,Argyre,Argyre Prime,4322121,286879672
2104-08-18,Argyre,Argyre Prime,4464474,311144731
2105-08-18,Argyre,Argyre Prime,4576934,334931583
2106-08-18,Argyre,Argyre Prime,4665777,358504598
2107-08-18,Argyre,Argyre Prime,4735963,382092358
2108-08-17,Argyre,Argyre Prime,4791410,405894050
2109-08-17,Argyre,Argyre Prime,4835213,430084964
2110-08-17,Argyre,Argyre Prime,4869817,454821085
2111-08-17,Argyre,Argyre Prime,4897154,480242962
2112-08-16,Argyre,Argyre Prime,4918751,506478931
2113-08-16,Argyre,Argyre Prime,4935812,533647470
2114-08-16,Argyre,Argyre Prime,4949290,561859911
2115-08-16,Argyre,Argyre Prime,4959939,591222262
2116-08-15,Argyre,Argyre Prime,4968351,621836217
2117-08-15,Argyre,Argyre Prime,4974996,653801297
2118-08-15,Argyre,Argyre Prime,4980246,687215800
2119-08-15,Argyre,Argyre Prime,4984393,722177440
2120-08-14,Argyre,Argyre Prime,4987670,758784849
2121-08-14,Argyre,Argyre Prime,4990259,797137655
2122-08-14,Argyre,Argyre Prime,4992304,837337537
2123-08-14,Argyre,Argyre Prime,4993919,879488834
2124-08-13,Argyre,Argyre Prime,4995195,923699231
2125-08-13,Argyre,Argyre Prime,4996204,970080103
2126-08-13,Argyre,Argyre Prime,4997000,1018746390
2127-08-13,Argyre,Argyre Prime,4997630,1069818571
2128-08-12,Argyre,Argyre Prime,4998127,1123421209
2129-08-12,Argyre,Argyre Prime,4998519,1179684784
2130-08-12,Argyre,Argyre Prime,4998829,1238745844
2131-08-12,Argyre,Argyre Prime,4999074,1300746885
2132-08-11,Argyre,Argyre Prime,4999268,1365837231
2133-08-11,Argyre,Argyre Prime,4999421,1434172983
2134-08-11,Argyre,Argyre Prime,4999541,1505917778
2135-08-11,Argyre,Argyre Prime,4999636,1581243713
2136-08-10,Argyre,Argyre Prime,4999711,1660330805
2137-08-10,Argyre,Argyre Prime,4999770,1743367918
2138-08-10,Argyre,Argyre Prime,4999818,1830553888
2139-08-10,Argyre,Argyre Prime,4999855,1922095806
2140-08-09,Argyre,Argyre Prime,4999885,2018212706
2141-08-09,Argyre,Argyre Prime,4999909,2119133513
2142-08-09,Argyre,Argyre Prime,4999927,2225098199
2143-08-09,Argyre,Argyre Prime,4999941,2336359651
2144-08-08,Argyre,Argyre Prime,4999952,2453183031
2145-08-08,Argyre,Argyre Prime,4999961,2575846819
2146-08-08,Argyre,Argyre Prime,4999968,2704642946
2147-08-08,Argyre,Argyre Prime,4999974,2839878502
2148-08-07,Argyre,Argyre Prime,4999979,2981875409
2149-08-07,Argyre,Argyre Prime,4999983,3130971684
2050-08-31,Hesperia,Hesperia Prime,1000,5000
2051-08-31,Hesperia,Hesperia Prime,2240,11760
2052-08-30,Hesperia,Hesperia Prime,3769,20776
2053-08-30,Hesperia,Hesperia Prime,5646,32679
2054-08-30,Hesperia,Hesperia Prime,7944,48279
2055-08-30,Hesperia,Hesperia Prime,10749,68593
2056-08-29,Hesperia,Hesperia Prime,14163,94898
2057-08-29,Hesperia,Hesperia Prime,18312,128834
2058-08-29,Hesperia,Hesperia Prime,23343,172441
2059-08-29,Hesperia,Hesperia Prime,29435,228316
2060-08-28,Hesperia,Hesperia Prime,36803,299741
2061-08-28,Hesperia,Hesperia Prime,45705,390855
2062-08-28,Hesperia,Hesperia Prime,56449,506871
2063-08-28,Hesperia,Hesperia Prime,69405,654367
2064-08-27,Hesperia,Hesperia Prime,85020,841668
2065-08-27,Hesperia,Hesperia Prime,103827,1079244
2066-08-27,Hesperia,Hesperia Prime,126468,1380318
2067-08-27,Hesperia,Hesperia Prime,153712,1761553
2068-08-26,Hesperia,Hesperia Prime,186483,2243967
2069-08-26,Hesperia,Hesperia Prime,225889,2854051
2070-08-26,Hesperia,Hesperia Prime,273261,3625213
2071-08-26,Hesperia,Hesperia Prime,330196,4599568
2072-08-25,Hesperia,Hesperia Prime,398609,5830176
2073-08-25,Hesperia,Hesperia Prime,480800,7383943
2074-08-25,Hesperia,Hesperia Prime,579528,9345178
2075-08-25,Hesperia,Hesperia Prime,696913,11799973
2076-08-24,Hesperia,Hesperia Prime,817819,14539483
2077-08-24,Hesperia,Hesperia Prime,942352,17591150
2078-08-24,Hesperia,Hesperia Prime,1070622,20984882
2079-08-24,Hesperia,Hesperia Prime,1202739,24753184
2080-08-23,Hesperia,Hesperia Prime,1338820,28931514
2081-08-23,Hesperia,Hesperia Prime,1478983,33558416
2082-08-23,Hesperia,Hesperia Prime,1623352,38675886
2083-08-23,Hesperia,Hesperia Prime,1772052,44329551
2084-08-22,Hesperia,Hesperia Prime,1925213,50569069
2085-08-22,Hesperia,Hesperia Prime,2082968,57448417
2086-08-22,Hesperia,Hesperia Prime,2245456,65026341
2087-08-22,Hesperia,Hesperia Prime,2412819,73366671
2088-08-21,Hesperia,Hesperia Prime,2585202,82538743
2089-08-21,Hesperia,Hesperia Prime,2762757,92617990
2090-08-21,Hesperia,Hesperia Prime,2945639,103686326
2091-08-21,Hesperia,Hesperia Prime,3134007,115832712
2092-08-20,Hesperia,Hesperia Prime,3328026,129153825
2093-08-20,Hesperia,Hesperia Prime,3527866,143754664
2094-08-20,Hesperia,Hesperia Prime,3733701,159749202
2095-08-20,Hesperia,Hesperia Prime,3945711,177261220
2096-08-19,Hesperia,Hesperia Prime,4164081,196425076
2097-08-19,Hesperia,Hesperia Prime,4389003,217386684
2098-08-19,Hesperia,Hesperia Prime,4620672,240304277
2099-08-19,Hesperia,Hesperia Prime,4859291,265349678
2100-08-19,Hesperia,Hesperia Prime,5105069,292709335
2101-08-19,Hesperia,Hesperia Prime,5358220,322585467
2102-08-19,Hesperia,Hesperia Prime,5618965,355197485
2103-08-19,Hesperia,Hesperia Prime,5887533,390783492
2104-08-18,Hesperia,Hesperia Prime,6164158,429601625
2105-08-18,Hesperia,Hesperia Prime,6449082,471931919
2106-08-18,Hesperia,Hesperia Prime,6742554,518078041
2107-08-18,Hesperia,Hesperia Prime,7044830,568369243
2108-08-17,Hesperia,Hesperia Prime,7356174,623162547
2109-08-17,Hesperia,Hesperia Prime,7676858,682845036
2110-08-17,Hesperia,Hesperia Prime,8007163,747836430
2111-08-17,Hesperia,Hesperia Prime,8347377,818591585
2112-08-16,Hesperia,Hesperia Prime,8694427,895256560
2113-08-16,Hesperia,Hesperia Prime,8968596,969661844
2114-08-16,Hesperia,Hesperia Prime,9185190,1042733410
2115-08-16,Hesperia,Hesperia Prime,9356300,1115266308
2116-08-15,Hesperia,Hesperia Prime,9491477,1187948306
2117-08-15,Hesperia,Hesperia Prime,9598266,1261379659
2118-08-15,Hesperia,Hesperia Prime,9682629,1336089751
2119-08-15,Hesperia,Hesperia Prime,9749276,1412550572
2120-08-14,Hesperia,Hesperia Prime,9801927,1491188009
2121-08-14,Hesperia,Hesperia Prime,9843521,1572391583
2122-08-14,Hesperia,Hesperia Prime,9876380,1656522460
2123-08-14,Hesperia,Hesperia Prime,9902340,1743920449
2124-08-13,Hesperia,Hesperia Prime,9922848,1834908761
2125-08-13,Hesperia,Hesperia Prime,9939049,1929799840
2126-08-13,Hesperia,Hesperia Prime,9951848,2028899185
2127-08-13,Hesperia,Hesperia Prime,9961959,2132508557
2128-08-12,Hesperia,Hesperia Prime,9969947,2240929436
2129-08-12,Hesperia,Hesperia Prime,9976257,2354465111
2130-08-12,Hesperia,Hesperia Prime,9981242,2473423685
2131-08-12,Hesperia,Hesperia Prime,9985180,2598119528
2132-08-11,Hesperia,Hesperia Prime,9988292,2728875726
2133-08-11,Hesperia,Hesperia Prime,9990750,2866024633
2134-08-11,Hesperia,Hesperia Prime,9992692,3009910817
2135-08-11,Hesperia,Hesperia Prime,9994226,3160891519
2136-08-10,Hesperia,Hesperia Prime,9995437,3319338250
2137-08-10,Hesperia,Hesperia Prime,9996394,3485638858
2138-08-10,Hesperia,Hesperia Prime,9997151,3660197957
2139-08-10,Hesperia,Hesperia Prime,9997748,3843437360
2140-08-09,Hesperia,Hesperia Prime,9998220,4035799752
2141-08-09,Hesperia,Hesperia Prime,9998593,4237747830
2142-08-09,Hesperia,Hesperia Prime,9998888,4449766504
2143-08-09,Hesperia,Hesperia Prime,9999121,4672363705
2144-08-08,Hesperia,Hesperia Prime,9999304,4906071677
2145-08-08,Hesperia,Hesperia Prime,9999449,5151449961
2146-08-08,Hesperia,Hesperia Prime,9999564,5409084667
2147-08-08,Hesperia,Hesperia Prime,9999655,5679590586
2148-08-07,Hesperia,Hesperia Prime,9999727,5963613054
2149-08-07,Hesperia,Hesperia Prime,9999783,6261828774
2050-08-31,Hellas,Hellas Prime,1000,5000
2051-08-31,Hellas,Hellas Prime,2220,11655
2052-08-30,Hellas,Hellas Prime,3704,20418
2053-08-30,Hellas,Hellas Prime,5505,31863
2054-08-30,Hellas,Hellas Prime,7688,46724
2055-08-30,Hellas,Hellas Prime,10329,65913
2056-08-29,Hellas,Hellas Prime,13520,90590
2057-08-29,Hellas,Hellas Prime,17373,122227
2058-08-29,Hellas,Hellas Prime,22019,162660
2059-08-29,Hellas,Hellas Prime,27618,214222
2060-08-28,Hellas,Hellas Prime,34361,279852
2061-08-28,Hellas,Hellas Prime,42478,363258
2062-08-28,Hellas,Hellas Prime,52243,469104
2063-08-28,Hellas,Hellas Prime,63986,603275
2064-08-27,Hellas,Hellas Prime,78104,773202
2065-08-27,Hellas,Hellas Prime,95073,988249
2066-08-27,Hellas,Hellas Prime,115462,1260195
2067-08-27,Hellas,Hellas Prime,139957,1603920
2068-08-26,Hellas,Hellas Prime,169379,2038153
2069-08-26,Hellas,Hellas Prime,204713,2586497
2070-08-26,Hellas,Hellas Prime,247144,3278733
2071-08-26,Hellas,Hellas Prime,298091,4152351
2072-08-25,Hellas,Hellas Prime,359258,5254616
2073-08-25,Hellas,Hellas Prime,432690,6645088
2074-08-25,Hellas,Hellas Prime,520839,8398789
2075-08-25,Hellas,Hellas Prime,626651,10610313
2076-08-24,Hellas,Hellas Prime,753659,13398823
2077-08-24,Hellas,Hellas Prime,906102,16914461
2078-08-24,Hellas,Hellas Prime,1089068,21346436
2079-08-24,Hellas,Hellas Prime,1308662,26933151
2080-08-23,Hellas,Hellas Prime,1572211,33975026
2081-08-23,Hellas,Hellas Prime,1888506,42850574
2082-08-23,Hellas,Hellas Prime,2268097,54036747
2083-08-23,Hellas,Hellas Prime,2723644,68134522
2084-08-22,Hellas,Hellas Prime,3270339,85901143
2085-08-22,Hellas,Hellas Prime,3926413,108290772
2086-08-22,Hellas,Hellas Prime,4713742,136505634
2087-08-22,Hellas,Hellas Prime,5560878,169089810
2088-08-21,Hellas,Hellas Prime,6416486,204861628
2089-08-21,Hellas,Hellas Prime,7280650,244074732
2090-08-21,Hellas,Hellas Prime,8153456,287001191
2091-08-21,Hellas,Hellas Prime,9034990,333932694
2092-08-20,Hellas,Hellas Prime,9925339,385181938
2093-08-20,Hellas,Hellas Prime,10824591,441084056
2094-08-20,Hellas,Hellas Prime,11732836,501998204
2095-08-20,Hellas,Hellas Prime,12650163,568309065
2096-08-19,Hellas,Hellas Prime,13576664,640428767
2097-08-19,Hellas,Hellas Prime,14512430,718798560
2098-08-19,Hellas,Hellas Prime,15457553,803890884
2099-08-19,Hellas,Hellas Prime,16412128,896211586
2100-08-19,Hellas,Hellas Prime,17376248,996301912
2101-08-19,Hellas,Hellas Prime,18350009,1104741168
2102-08-19,Hellas,Hellas Prime,19333508,1222149173
2103-08-19,Hellas,Hellas Prime,20326842,1349188921
2104-08-18,Hellas,Hellas Prime,21330109,1486569536
2105-08-18,Hellas,Hellas Prime,22343409,1635049437
2106-08-18,Hellas,Hellas Prime,23366842,1795439494
2107-08-18,Hellas,Hellas Prime,24400509,1968606601
2108-08-17,Hellas,Hellas Prime,25444513,2155477498
2109-08-17,Hellas,Hellas Prime,26498957,2357042589
2110-08-17,Hellas,Hellas Prime,27563946,2574360356
2111-08-17,Hellas,Hellas Prime,28639584,2808561595
2112-08-16,Hellas,Hellas Prime,29725979,3060854695
2113-08-16,Hellas,Hellas Prime,30823238,3332530289
2114-08-16,Hellas,Hellas Prime,31931469,3624966884
2115-08-16,Hellas,Hellas Prime,33050783,3939636900
2116-08-15,Hellas,Hellas Prime,34181290,4278112411
2117-08-15,Hellas,Hellas Prime,35323102,4642072055
2118-08-15,Hellas,Hellas Prime,36476332,5033307933
2119-08-15,Hellas,Hellas Prime,37641094,5453733065
2120-08-14,Hellas,Hellas Prime,38817504,5905389474
2121-08-14,Hellas,Hellas Prime,40005678,6390456358
2122-08-14,Hellas,Hellas Prime,41205734,6911259374
2123-08-14,Hellas,Hellas Prime,42417790,7470279894
2124-08-13,Hellas,Hellas Prime,43641967,8070165702
2125-08-13,Hellas,Hellas Prime,44878386,8713741341
2126-08-13,Hellas,Hellas Prime,46127169,9404019798
2127-08-13,Hellas,Hellas Prime,47388440,10144214993
2128-08-12,Hellas,Hellas Prime,48662323,10937754437
2129-08-12,Hellas,Hellas Prime,49948945,11788293780
2130-08-12,Hellas,Hellas Prime,51248433,12699730959
2131-08-12,Hellas,Hellas Prime,52560916,13676222388
2132-08-11,Hellas,Hellas Prime,53886524,14722199481
2133-08-11,Hellas,Hellas Prime,55225388,15842386447
2134-08-11,Hellas,Hellas Prime,56577641,17041819527
2135-08-11,Hellas,Hellas Prime,57943416,18325866577
2136-08-10,Hellas,Hellas Prime,59322849,19700249404
2137-08-10,Hellas,Hellas Prime,60716076,21171065672
2138-08-10,Hellas,Hellas Prime,62123236,22744814151
2139-08-10,Hellas,Hellas Prime,63544467,24428419132
2140-08-09,Hellas,Hellas Prime,64979911,26229259679
2141-08-09,Hellas,Hellas Prime,66429709,28155196952
2142-08-09,Hellas,Hellas Prime,67894005,30214606793
2143-08-09,Hellas,Hellas Prime,69372944,32416411968
2144-08-08,Hellas,Hellas Prime,70866672,34770117239
2145-08-08,Hellas,Hellas Prime,72375338,37285847667
2146-08-08,Hellas,Hellas Prime,73899090,39974386346
2147-08-08,Hellas,Hellas Prime,75180281,42700794802
2148-08-07,Hellas,Hellas Prime,76192421,45439452153
2149-08-07,Hellas,Hellas Prime,76992011,48212125193
2050-08-31,Noachis,Noachis Prime,1000,5000
2051-08-31,Noachis,Noachis Prime,2230,11707
2052-08-30,Noachis,Noachis Prime,3736,20594
2053-08-30,Noachis,Noachis Prime,5575,32268
2054-08-30,Noachis,Noachis Prime,7815,47495
2055-08-30,Noachis,Noachis Prime,10537,67240
2056-08-29,Noachis,Noachis Prime,13838,92721
2057-08-29,Noachis,Noachis Prime,17836,125485
2058-08-29,Noachis,Noachis Prime,22670,167469
2059-08-29,Noachis,Noachis Prime,28509,221134
2060-08-28,Noachis,Noachis Prime,35555,289576
2061-08-28,Noachis,Noachis Prime,44051,376710
2062-08-28,Noachis,Noachis Prime,54288,487467
2063-08-28,Noachis,Noachis Prime,66615,628062
2064-08-27,Noachis,Noachis Prime,81452,806346
2065-08-27,Noachis,Noachis Prime,99302,1032208
2066-08-27,Noachis,Noachis Prime,120769,1318117
2067-08-27,Noachis,Noachis Prime,146578,1679797
2068-08-26,Noachis,Noachis Prime,177598,2137053
2069-08-26,Noachis,Noachis Prime,214872,2714854
2070-08-26,Noachis,Noachis Prime,259655,3444710
2071-08-26,Noachis,Noachis Prime,313449,4366285
2072-08-25,Noachis,Noachis Prime,378058,5529591
2073-08-25,Noachis,Noachis Prime,455646,6997637
2074-08-25,Noachis,Noachis Prime,548811,8849851
2075-08-25,Noachis,Noachis Prime,659786,11171347
2076-08-24,Noachis,Noachis Prime,772981,13742337
2077-08-24,Noachis,Noachis Prime,888440,16584759
2078-08-24,Noachis,Noachis Prime,1006208,19722326
2079-08-24,Noachis,Noachis Prime,1126331,23180655
2080-08-23,Noachis,Noachis Prime,1248856,26987418
2081-08-23,Noachis,Noachis Prime,1373832,31172519
2082-08-23,Noachis,Noachis Prime,1501307,35768199
2083-08-23,Noachis,Noachis Prime,1631332,40809307
2084-08-22,Noachis,Noachis Prime,1763957,46333399
2085-08-22,Noachis,Noachis Prime,1899235,52381047
2086-08-22,Noachis,Noachis Prime,2037219,58995989
2087-08-22,Noachis,Noachis Prime,2177962,66225366
2088-08-21,Noachis,Noachis Prime,2321520,74120066
2089-08-21,Noachis,Noachis Prime,2467949,82734919
2090-08-21,Noachis,Noachis Prime,2617307,92129058
2091-08-21,Noachis,Noachis Prime,2769652,102366173
2092-08-20,Noachis,Noachis Prime,2925044,113514925
2093-08-20,Noachis,Noachis Prime,3083544,125649282
2094-08-20,Noachis,Noachis Prime,3245214,138848919
2095-08-20,Noachis,Noachis Prime,3410117,153199639
2096-08-19,Noachis,Noachis Prime,3578318,168793879
2097-08-19,Noachis,Noachis Prime,3749883,185731162
2098-08-19,Noachis,Noachis Prime,3924880,204118676
2099-08-19,Noachis,Noachis Prime,4103377,224071735
2100-08-19,Noachis,Noachis Prime,4285444,245714498
2101-08-19,Noachis,Noachis Prime,4471152,269180559
2102-08-19,Noachis,Noachis Prime,4660574,294613717
2103-08-19,Noachis,Noachis Prime,4853785,322168733
2104-08-18,Noachis,Noachis Prime,5050860,352012013
2105-08-18,Noachis,Noachis Prime,5251876,384322593
2106-08-18,Noachis,Noachis Prime,5456913,419293164
2107-08-18,Noachis,Noachis Prime,5666050,457130768
2108-08-17,Noachis,Noachis Prime,5879370,498058254
2109-08-17,Noachis,Noachis Prime,6096957,542315205
2110-08-17,Noachis,Noachis Prime,6318895,590159071
2111-08-17,Noachis,Noachis Prime,6545272,641866850
2112-08-16,Noachis,Noachis Prime,6776177,697736252
2113-08-16,Noachis,Noachis Prime,7011700,758087214
2114-08-16,Noachis,Noachis Prime,7251934,823263740
2115-08-16,Noachis,Noachis Prime,7496972,893635334
2116-08-15,Noachis,Noachis Prime,7746911,969599336
2117-08-15,Noachis,Noachis Prime,8001848,1051582474
2118-08-15,Noachis,Noachis Prime,8261884,1140043529
2119-08-15,Noachis,Noachis Prime,8527121,1235475295
2120-08-14,Noachis,Noachis Prime,8797662,1338407038
2121-08-14,Noachis,Noachis Prime,9050152,1445659823
2122-08-14,Noachis,Noachis Prime,9249619,1551398551
2123-08-14,Noachis,Noachis Prime,9407198,1656720024
2124-08-13,Noachis,Noachis Prime,9531686,1762576041
2125-08-13,Noachis,Noachis Prime,9630031,1869799846
2126-08-13,Noachis,Noachis Prime,9707723,1979129031
2127-08-13,Noachis,Noachis Prime,9769100,2091224161
2128-08-12,Noachis,Noachis Prime,9817589,2206684166
2129-08-12,Noachis,Noachis Prime,9855895,2326058853
2130-08-12,Noachis,Noachis Prime,9886157,2449860937
2131-08-12,Noachis,Noachis Prime,9910063,2578574267
2132-08-11,Noachis,Noachis Prime,9928949,2712662776
2133-08-11,Noachis,Noachis Prime,9943869,2852575983
2134-08-11,Noachis,Noachis Prime,9955656,2998755159
2135-08-11,Noachis,Noachis Prime,9964967,3151637723
2136-08-10,Noachis,Noachis Prime,9972323,3311662429
2137-08-10,Noachis,Noachis Prime,9978134,3479271786
2138-08-10,Noachis,Noachis Prime,9982725,3654916251
2139-08-10,Noachis,Noachis Prime,9986352,3839056392
2140-08-09,Noachis,Noachis Prime,9989217,4032165674
2141-08-09,Noachis,Noachis Prime,9991480,4234733095
2142-08-09,Noachis,Noachis Prime,9993269,4447265902
2143-08-09,Noachis,Noachis Prime,9994682,4670289460
2144-08-08,Noachis,Noachis Prime,9995798,4904351489
2145-08-08,Noachis,Noachis Prime,9996680,5150023446
2146-08-08,Noachis,Noachis Prime,9997377,5407901648
2147-08-08,Noachis,Noachis Prime,9997927,5678609119
2148-08-07,Noachis,Noachis Prime,9998361,5962798403
2149-08-07,Noachis,Noachis Prime,9998704,6261153108
